Run,Assay.Type,AvgSpotLen,Bases,BioProject,Center Name,Consent,DATASTORE filetype,DATASTORE provider,DATASTORE region,ENA-FIRST-PUBLIC (run),ENA-LAST-UPDATE (run),Experiment,Instrument,Library Name,LibraryLayout,LibrarySelection,LibrarySource,Platform,ReleaseDate,create_date,version,SRA Study,BioSample,Bytes,Collection_Date,ENA_first_public,geo_loc_name_country,geo_loc_name_country_continent,geographic_location_(country_and/or_sea),INSDC_center_name,INSDC_status,Organism,Sample Name,Sample_name,scientific_name,Submitter_Id,common_name
ERR13877962,WGS,297,7071611977,PRJEB61942,ISTITUTO EUROPEO DI ONCOLOGIA,public,"sra,run.zq,fastq","ncbi,gs,s3","s3.us-east-1,ncbi.public,gs.us-east1",2024-10-23,2024-10-23,ERX13281777,Illumina NovaSeq 6000,,PAIRED,RANDOM,METAGENOMIC,ILLUMINA,2024-10-24T00:00:00Z,2024-10-27T07:05:00Z,1,ERP147020,,,,,,,,,,,,,,,
ERR13877963,WGS,296,7619224291,PRJEB61942,ISTITUTO EUROPEO DI ONCOLOGIA,public,"fastq,sra,run.zq","gs,s3,ncbi","gs.us-east1,s3.us-east-1,ncbi.public",2024-10-23,2024-10-23,ERX13281778,Illumina NovaSeq 6000,,PAIRED,RANDOM,METAGENOMIC,ILLUMINA,2024-10-24T00:00:00Z,2024-10-27T04:42:00Z,1,ERP147020,,,,,,,,,,,,,,,
ERR13877967,WGS,294,8045900220,PRJEB61942,ISTITUTO EUROPEO DI ONCOLOGIA,public,"fastq,sra,run.zq","gs,s3,ncbi","ncbi.public,s3.us-east-1,gs.us-east1",2024-10-23,2024-10-23,ERX13281782,Illumina NovaSeq 6000,,PAIRED,RANDOM,METAGENOMIC,ILLUMINA,2024-10-24T00:00:00Z,2024-10-27T07:00:00Z,1,ERP147020,,,,,,,,,,,,,,,
ERR13877968,WGS,297,6591307999,PRJEB61942,ISTITUTO EUROPEO DI ONCOLOGIA,public,"run.zq,sra,fastq","ncbi,s3,gs","s3.us-east-1,gs.us-east1,ncbi.public",2024-10-23,2024-10-23,ERX13281783,Illumina NovaSeq 6000,,PAIRED,RANDOM,METAGENOMIC,ILLUMINA,2024-10-24T00:00:00Z,2024-10-27T06:46:00Z,1,ERP147020,,,,,,,,,,,,,,,
ERR13877970,WGS,296,8505364532,PRJEB61942,ISTITUTO EUROPEO DI ONCOLOGIA,public,"fastq,sra,run.zq","gs,s3,ncbi","ncbi.public,gs.us-east1,s3.us-east-1",2024-10-23,2024-10-23,ERX13281785,Illumina NovaSeq 6000,,PAIRED,RANDOM,METAGENOMIC,ILLUMINA,2024-10-24T00:00:00Z,2024-10-27T04:48:00Z,1,ERP147020,,,,,,,,,,,,,,,
ERR13877979,WGS,295,6658946179,PRJEB61942,ISTITUTO EUROPEO DI ONCOLOGIA,public,"sra,run.zq,fastq","s3,gs,ncbi","gs.us-east1,ncbi.public,s3.us-east-1",2024-10-23,2024-10-23,ERX13281794,Illumina NovaSeq 6000,,PAIRED,RANDOM,METAGENOMIC,ILLUMINA,2024-10-24T00:00:00Z,2024-10-27T06:44:00Z,1,ERP147020,,,,,,,,,,,,,,,
ERR13877981,WGS,297,8449255251,PRJEB61942,ISTITUTO EUROPEO DI ONCOLOGIA,public,"sra,run.zq,fastq","ncbi,s3,gs","gs.us-east1,ncbi.public,s3.us-east-1",2024-10-23,2024-10-23,ERX13281796,Illumina NovaSeq 6000,,PAIRED,RANDOM,METAGENOMIC,ILLUMINA,2024-10-24T00:00:00Z,2024-10-27T04:41:00Z,1,ERP147020,,,,,,,,,,,,,,,
ERR13877960,WGS,296,7359445617,PRJEB61942,ISTITUTO EUROPEO DI ONCOLOGIA,public,"fastq,run.zq,sra","gs,ncbi,s3","gs.us-east1,ncbi.public,s3.us-east-1",2024-10-23,2024-10-23,ERX13281775,Illumina NovaSeq 6000,,PAIRED,RANDOM,METAGENOMIC,ILLUMINA,2024-10-24T00:00:00Z,2024-10-27T16:54:00Z,1,ERP147020,,,,,,,,,,,,,,,
ERR13877961,WGS,296,9799827981,PRJEB61942,ISTITUTO EUROPEO DI ONCOLOGIA,public,"sra,fastq,run.zq","ncbi,gs,s3","gs.us-east1,ncbi.public,s3.us-east-1",2024-10-23,2024-10-23,ERX13281776,Illumina NovaSeq 6000,,PAIRED,RANDOM,METAGENOMIC,ILLUMINA,2024-10-23T00:00:00Z,2024-10-27T01:55:00Z,1,ERP147020,,,,,,,,,,,,,,,
ERR13877964,WGS,295,10129312019,PRJEB61942,ISTITUTO EUROPEO DI ONCOLOGIA,public,"fastq,run.zq,sra","ncbi,gs,s3","ncbi.public,s3.us-east-1,gs.us-east1",2024-10-23,2024-10-23,ERX13281779,Illumina NovaSeq 6000,,PAIRED,RANDOM,METAGENOMIC,ILLUMINA,2024-10-24T00:00:00Z,2024-10-28T04:57:00Z,1,ERP147020,,,,,,,,,,,,,,,
ERR13877965,WGS,296,8678900755,PRJEB61942,ISTITUTO EUROPEO DI ONCOLOGIA,public,"fastq,run.zq,sra","gs,s3,ncbi","s3.us-east-1,ncbi.public,gs.us-east1",2024-10-23,2024-10-23,ERX13281780,Illumina NovaSeq 6000,,PAIRED,RANDOM,METAGENOMIC,ILLUMINA,2024-10-23T00:00:00Z,2024-10-27T03:20:00Z,1,ERP147020,,,,,,,,,,,,,,,
ERR13877966,WGS,297,11056878652,PRJEB61942,ISTITUTO EUROPEO DI ONCOLOGIA,public,"fastq,run.zq,sra","gs,s3,ncbi","ncbi.public,gs.us-east1,s3.us-east-1",2024-10-23,2024-10-23,ERX13281781,Illumina NovaSeq 6000,,PAIRED,RANDOM,METAGENOMIC,ILLUMINA,2024-10-23T00:00:00Z,2024-10-27T03:29:00Z,1,ERP147020,,,,,,,,,,,,,,,
ERR13877969,WGS,296,7411506332,PRJEB61942,ISTITUTO EUROPEO DI ONCOLOGIA,public,"sra,run.zq,fastq","ncbi,s3,gs","s3.us-east-1,gs.us-east1,ncbi.public",2024-10-23,2024-10-23,ERX13281784,Illumina NovaSeq 6000,,PAIRED,RANDOM,METAGENOMIC,ILLUMINA,2024-10-23T00:00:00Z,2024-10-27T01:50:00Z,1,ERP147020,,,,,,,,,,,,,,,
ERR13877971,WGS,296,8040512490,PRJEB61942,ISTITUTO EUROPEO DI ONCOLOGIA,public,"sra,run.zq,fastq","ncbi,gs,s3","ncbi.public,s3.us-east-1,gs.us-east1",2024-10-23,2024-10-23,ERX13281786,Illumina NovaSeq 6000,,PAIRED,RANDOM,METAGENOMIC,ILLUMINA,2024-10-23T00:00:00Z,2024-10-27T01:56:00Z,1,ERP147020,,,,,,,,,,,,,,,
ERR13877972,WGS,296,12551948212,PRJEB61942,ISTITUTO EUROPEO DI ONCOLOGIA,public,"fastq,run.zq,sra","s3,gs,ncbi","ncbi.public,gs.us-east1,s3.us-east-1",2024-10-23,2024-10-23,ERX13281787,Illumina NovaSeq 6000,,PAIRED,RANDOM,METAGENOMIC,ILLUMINA,2024-10-23T00:00:00Z,2024-10-27T02:25:00Z,1,ERP147020,,,,,,,,,,,,,,,
ERR13877973,WGS,295,6535868307,PRJEB61942,ISTITUTO EUROPEO DI ONCOLOGIA,public,"run.zq,sra,fastq","gs,ncbi,s3","gs.us-east1,s3.us-east-1,ncbi.public",2024-10-23,2024-10-23,ERX13281788,Illumina NovaSeq 6000,,PAIRED,RANDOM,METAGENOMIC,ILLUMINA,2024-10-23T00:00:00Z,2024-10-27T01:53:00Z,1,ERP147020,,,,,,,,,,,,,,,
ERR13877974,WGS,296,6912894552,PRJEB61942,ISTITUTO EUROPEO DI ONCOLOGIA,public,"run.zq,fastq,sra","s3,gs,ncbi","s3.us-east-1,ncbi.public,gs.us-east1",2024-10-23,2024-10-23,ERX13281789,Illumina NovaSeq 6000,,PAIRED,RANDOM,METAGENOMIC,ILLUMINA,2024-10-24T00:00:00Z,2024-10-27T16:54:00Z,1,ERP147020,,,,,,,,,,,,,,,
ERR13877975,WGS,294,6622020740,PRJEB61942,ISTITUTO EUROPEO DI ONCOLOGIA,public,"sra,fastq,run.zq","s3,ncbi,gs","ncbi.public,gs.us-east1,s3.us-east-1",2024-10-23,2024-10-23,ERX13281790,Illumina NovaSeq 6000,,PAIRED,RANDOM,METAGENOMIC,ILLUMINA,2024-10-23T00:00:00Z,2024-10-27T01:49:00Z,1,ERP147020,,,,,,,,,,,,,,,
ERR13877976,WGS,293,7086683257,PRJEB61942,ISTITUTO EUROPEO DI ONCOLOGIA,public,"sra,fastq,run.zq","ncbi,gs,s3","gs.us-east1,ncbi.public,s3.us-east-1",2024-10-23,2024-10-23,ERX13281791,Illumina NovaSeq 6000,,PAIRED,RANDOM,METAGENOMIC,ILLUMINA,2024-10-23T00:00:00Z,2024-10-27T01:48:00Z,1,ERP147020,,,,,,,,,,,,,,,
ERR13877977,WGS,294,7415612590,PRJEB61942,ISTITUTO EUROPEO DI ONCOLOGIA,public,"run.zq,sra,fastq","gs,s3,ncbi","s3.us-east-1,gs.us-east1,ncbi.public",2024-10-23,2024-10-23,ERX13281792,Illumina NovaSeq 6000,,PAIRED,RANDOM,METAGENOMIC,ILLUMINA,2024-10-24T00:00:00Z,2024-10-27T01:53:00Z,1,ERP147020,,,,,,,,,,,,,,,
ERR13877978,WGS,295,7116772025,PRJEB61942,ISTITUTO EUROPEO DI ONCOLOGIA,public,"fastq,run.zq,sra","s3,ncbi,gs","s3.us-east-1,ncbi.public,gs.us-east1",2024-10-23,2024-10-23,ERX13281793,Illumina NovaSeq 6000,,PAIRED,RANDOM,METAGENOMIC,ILLUMINA,2024-10-23T00:00:00Z,2024-10-27T03:13:00Z,1,ERP147020,,,,,,,,,,,,,,,
ERR13877980,WGS,290,5444443083,PRJEB61942,ISTITUTO EUROPEO DI ONCOLOGIA,public,"sra,run.zq,fastq","s3,gs,ncbi","gs.us-east1,s3.us-east-1,ncbi.public",2024-10-23,2024-10-23,ERX13281795,Illumina NovaSeq 6000,,PAIRED,RANDOM,METAGENOMIC,ILLUMINA,2024-10-24T00:00:00Z,2024-10-27T01:51:00Z,1,ERP147020,,,,,,,,,,,,,,,
ERR13877982,WGS,297,8751935620,PRJEB61942,ISTITUTO EUROPEO DI ONCOLOGIA,public,"sra,run.zq,fastq","gs,ncbi,s3","gs.us-east1,ncbi.public,s3.us-east-1",2024-10-23,2024-10-23,ERX13281797,Illumina NovaSeq 6000,,PAIRED,RANDOM,METAGENOMIC,ILLUMINA,2024-10-23T00:00:00Z,2024-10-27T03:30:00Z,1,ERP147020,,,,,,,,,,,,,,,
ERR13877983,WGS,295,6568219039,PRJEB61942,ISTITUTO EUROPEO DI ONCOLOGIA,public,"fastq,sra,run.zq","gs,s3,ncbi","s3.us-east-1,gs.us-east1,ncbi.public",2024-10-23,2024-10-23,ERX13281798,Illumina NovaSeq 6000,,PAIRED,RANDOM,METAGENOMIC,ILLUMINA,2024-10-24T00:00:00Z,2024-10-27T16:46:00Z,1,ERP147020,,,,,,,,,,,,,,,
ERR13827976,AMPLICON,498,28897729,PRJEB61942,ISTITUTO EUROPEO DI ONCOLOGIA,public,"run.zq,sra,fastq","gs,s3,ncbi","gs.us-east1,ncbi.public,s3.us-east-1",2024-10-17,2024-10-17,ERX13230742,Illumina MiSeq,,PAIRED,PCR,METAGENOMIC,ILLUMINA,2024-10-17T00:00:00Z,2024-10-24T03:17:00Z,1,ERP147020,SAMEA116142977,15965507,2018,2024-10-17,Italy,Europe,Italy,Istituto Europeo di Oncologia,public,Homo sapiens,SAMEA116142977,IEO-001-16S_1144,Homo sapiens,IEO-001-16S_1144,human
ERR13827977,AMPLICON,501,35158277,PRJEB61942,ISTITUTO EUROPEO DI ONCOLOGIA,public,"sra,run.zq,fastq","ncbi,s3,gs","gs.us-east1,s3.us-east-1,ncbi.public",2024-10-17,2024-10-17,ERX13230743,Illumina MiSeq,,PAIRED,PCR,METAGENOMIC,ILLUMINA,2024-10-18T00:00:00Z,2024-10-24T03:19:00Z,1,ERP147020,SAMEA116142978,19514848,2018,2024-10-17,Italy,Europe,Italy,Istituto Europeo di Oncologia,public,Homo sapiens,SAMEA116142978,IEO-001-16S_1600,Homo sapiens,IEO-001-16S_1600,human
ERR13827978,AMPLICON,501,28339338,PRJEB61942,ISTITUTO EUROPEO DI ONCOLOGIA,public,"sra,run.zq,fastq","s3,ncbi,gs","ncbi.public,s3.us-east-1,gs.us-east1",2024-10-17,2024-10-17,ERX13230744,Illumina MiSeq,,PAIRED,PCR,METAGENOMIC,ILLUMINA,2024-10-17T00:00:00Z,2024-10-24T05:11:00Z,1,ERP147020,SAMEA116142979,16297808,2018,2024-10-17,Italy,Europe,Italy,Istituto Europeo di Oncologia,public,Homo sapiens,SAMEA116142979,IEO-001-16S_1603,Homo sapiens,IEO-001-16S_1603,human
ERR13827979,AMPLICON,501,28118187,PRJEB61942,ISTITUTO EUROPEO DI ONCOLOGIA,public,"fastq,run.zq,sra","gs,s3,ncbi","s3.us-east-1,gs.us-east1,ncbi.public",2024-10-17,2024-10-17,ERX13230745,Illumina MiSeq,,PAIRED,PCR,METAGENOMIC,ILLUMINA,2024-10-17T00:00:00Z,2024-10-24T01:01:00Z,1,ERP147020,SAMEA116142980,15349946,2018,2024-10-17,Italy,Europe,Italy,Istituto Europeo di Oncologia,public,Homo sapiens,SAMEA116142980,IEO-001-16S_1614,Homo sapiens,IEO-001-16S_1614,human
ERR13827980,AMPLICON,501,21167111,PRJEB61942,ISTITUTO EUROPEO DI ONCOLOGIA,public,"run.zq,sra,fastq","s3,ncbi,gs","gs.us-east1,s3.us-east-1,ncbi.public",2024-10-17,2024-10-17,ERX13230746,Illumina MiSeq,,PAIRED,PCR,METAGENOMIC,ILLUMINA,2024-10-18T00:00:00Z,2024-10-24T05:17:00Z,1,ERP147020,SAMEA116142981,11661759,2018,2024-10-17,Italy,Europe,Italy,Istituto Europeo di Oncologia,public,Homo sapiens,SAMEA116142981,IEO-001-16S_1629,Homo sapiens,IEO-001-16S_1629,human
ERR13827981,AMPLICON,501,23689154,PRJEB61942,ISTITUTO EUROPEO DI ONCOLOGIA,public,"run.zq,fastq,sra","s3,ncbi,gs","s3.us-east-1,gs.us-east1,ncbi.public",2024-10-17,2024-10-17,ERX13230747,Illumina MiSeq,,PAIRED,PCR,METAGENOMIC,ILLUMINA,2024-10-18T00:00:00Z,2024-10-24T03:22:00Z,1,ERP147020,SAMEA116142982,13179043,2018,2024-10-17,Italy,Europe,Italy,Istituto Europeo di Oncologia,public,Homo sapiens,SAMEA116142982,IEO-001-16S_1634,Homo sapiens,IEO-001-16S_1634,human
ERR13827982,AMPLICON,498,26061580,PRJEB61942,ISTITUTO EUROPEO DI ONCOLOGIA,public,"fastq,sra,run.zq","gs,ncbi,s3","ncbi.public,gs.us-east1,s3.us-east-1",2024-10-17,2024-10-17,ERX13230748,Illumina MiSeq,,PAIRED,PCR,METAGENOMIC,ILLUMINA,2024-10-17T00:00:00Z,2024-10-24T00:56:00Z,1,ERP147020,SAMEA116142983,14838859,2018,2024-10-17,Italy,Europe,Italy,Istituto Europeo di Oncologia,public,Homo sapiens,SAMEA116142983,IEO-002-16S_1145,Homo sapiens,IEO-002-16S_1145,human
ERR13827984,AMPLICON,497,36841615,PRJEB61942,ISTITUTO EUROPEO DI ONCOLOGIA,public,"fastq,sra,run.zq","ncbi,gs,s3","s3.us-east-1,ncbi.public,gs.us-east1",2024-10-17,2024-10-17,ERX13230750,Illumina MiSeq,,PAIRED,PCR,METAGENOMIC,ILLUMINA,2024-10-17T00:00:00Z,2024-10-24T00:56:00Z,1,ERP147020,SAMEA116142985,21817883,2018,2024-10-17,Italy,Europe,Italy,Istituto Europeo di Oncologia,public,Homo sapiens,SAMEA116142985,IEO-002-16S_1602,Homo sapiens,IEO-002-16S_1602,human
ERR13827985,AMPLICON,501,23733628,PRJEB61942,ISTITUTO EUROPEO DI ONCOLOGIA,public,"run.zq,sra,fastq","gs,s3,ncbi","s3.us-east-1,gs.us-east1,ncbi.public",2024-10-17,2024-10-17,ERX13230751,Illumina MiSeq,,PAIRED,PCR,METAGENOMIC,ILLUMINA,2024-10-17T00:00:00Z,2024-10-24T03:15:00Z,1,ERP147020,SAMEA116142986,13340423,2018,2024-10-17,Italy,Europe,Italy,Istituto Europeo di Oncologia,public,Homo sapiens,SAMEA116142986,IEO-002-16S_1628,Homo sapiens,IEO-002-16S_1628,human
ERR13827986,AMPLICON,499,28621183,PRJEB61942,ISTITUTO EUROPEO DI ONCOLOGIA,public,"run.zq,sra,fastq","s3,gs,ncbi","ncbi.public,gs.us-east1,s3.us-east-1",2024-10-17,2024-10-17,ERX13230752,Illumina MiSeq,,PAIRED,PCR,METAGENOMIC,ILLUMINA,2024-10-17T00:00:00Z,2024-10-24T05:14:00Z,1,ERP147020,SAMEA116142987,16381123,2018,2024-10-17,Italy,Europe,Italy,Istituto Europeo di Oncologia,public,Homo sapiens,SAMEA116142987,IEO-002-16S_1635,Homo sapiens,IEO-002-16S_1635,human
ERR13827987,AMPLICON,501,36812855,PRJEB61942,ISTITUTO EUROPEO DI ONCOLOGIA,public,"run.zq,fastq,sra","gs,s3,ncbi","s3.us-east-1,gs.us-east1,ncbi.public",2024-10-17,2024-10-17,ERX13230753,Illumina MiSeq,,PAIRED,PCR,METAGENOMIC,ILLUMINA,2024-10-18T00:00:00Z,2024-10-24T03:19:00Z,1,ERP147020,SAMEA116142988,20795257,2018,2024-10-17,Italy,Europe,Italy,Istituto Europeo di Oncologia,public,Homo sapiens,SAMEA116142988,IEO-004-16S_1605,Homo sapiens,IEO-004-16S_1605,human
ERR13827988,AMPLICON,500,34788204,PRJEB61942,ISTITUTO EUROPEO DI ONCOLOGIA,public,"run.zq,sra,fastq","ncbi,gs,s3","s3.us-east-1,gs.us-east1,ncbi.public",2024-10-17,2024-10-17,ERX13230754,Illumina MiSeq,,PAIRED,PCR,METAGENOMIC,ILLUMINA,2024-10-17T00:00:00Z,2024-10-24T05:11:00Z,1,ERP147020,SAMEA116142989,19885055,2018,2024-10-17,Italy,Europe,Italy,Istituto Europeo di Oncologia,public,Homo sapiens,SAMEA116142989,IEO-004-16S_1613,Homo sapiens,IEO-004-16S_1613,human
ERR13827989,AMPLICON,501,26050967,PRJEB61942,ISTITUTO EUROPEO DI ONCOLOGIA,public,"sra,fastq,run.zq","gs,ncbi,s3","ncbi.public,s3.us-east-1,gs.us-east1",2024-10-17,2024-10-17,ERX13230755,Illumina MiSeq,,PAIRED,PCR,METAGENOMIC,ILLUMINA,2024-10-18T00:00:00Z,2024-10-24T03:19:00Z,1,ERP147020,SAMEA116142990,15432643,2018,2024-10-17,Italy,Europe,Italy,Istituto Europeo di Oncologia,public,Homo sapiens,SAMEA116142990,IEO-004-16S_1623,Homo sapiens,IEO-004-16S_1623,human
ERR13827990,AMPLICON,500,29325500,PRJEB61942,ISTITUTO EUROPEO DI ONCOLOGIA,public,"sra,fastq,run.zq","s3,ncbi,gs","s3.us-east-1,gs.us-east1,ncbi.public",2024-10-17,2024-10-17,ERX13230756,Illumina MiSeq,,PAIRED,PCR,METAGENOMIC,ILLUMINA,2024-10-18T00:00:00Z,2024-10-24T03:23:00Z,1,ERP147020,SAMEA116142991,16381160,2018,2024-10-17,Italy,Europe,Italy,Istituto Europeo di Oncologia,public,Homo sapiens,SAMEA116142991,IEO-006-16S_1604,Homo sapiens,IEO-006-16S_1604,human
ERR13827992,AMPLICON,500,255941500,PRJEB61942,ISTITUTO EUROPEO DI ONCOLOGIA,public,"sra,run.zq,fastq","s3,ncbi,gs","s3.us-east-1,ncbi.public,gs.us-east1",2024-10-17,2024-10-17,ERX13230758,Illumina MiSeq,,PAIRED,PCR,METAGENOMIC,ILLUMINA,2024-10-18T00:00:00Z,2024-10-24T05:19:00Z,1,ERP147020,SAMEA116142993,143549878,2018,2024-10-17,Italy,Europe,Italy,Istituto Europeo di Oncologia,public,Homo sapiens,SAMEA116142993,IEO-007-16S_1608,Homo sapiens,IEO-007-16S_1608,human
ERR13827993,AMPLICON,500,18705000,PRJEB61942,ISTITUTO EUROPEO DI ONCOLOGIA,public,"fastq,run.zq,sra","s3,gs,ncbi","ncbi.public,gs.us-east1,s3.us-east-1",2024-10-17,2024-10-17,ERX13230759,Illumina MiSeq,,PAIRED,PCR,METAGENOMIC,ILLUMINA,2024-10-17T00:00:00Z,2024-10-24T05:12:00Z,1,ERP147020,SAMEA116142994,10613126,2018,2024-10-17,Italy,Europe,Italy,Istituto Europeo di Oncologia,public,Homo sapiens,SAMEA116142994,IEO-009-16S_1611,Homo sapiens,IEO-009-16S_1611,human
ERR13827994,AMPLICON,500,9106000,PRJEB61942,ISTITUTO EUROPEO DI ONCOLOGIA,public,"run.zq,sra,fastq","ncbi,s3,gs","ncbi.public,gs.us-east1,s3.us-east-1",2024-10-17,2024-10-17,ERX13230760,Illumina MiSeq,,PAIRED,PCR,METAGENOMIC,ILLUMINA,2024-10-17T00:00:00Z,2024-10-24T03:18:00Z,1,ERP147020,SAMEA116142995,5399777,2018,2024-10-17,Italy,Europe,Italy,Istituto Europeo di Oncologia,public,Homo sapiens,SAMEA116142995,IEO-009-16S_1612,Homo sapiens,IEO-009-16S_1612,human
ERR13827995,AMPLICON,500,4307000,PRJEB61942,ISTITUTO EUROPEO DI ONCOLOGIA,public,"fastq,run.zq,sra","s3,ncbi,gs","gs.us-east1,s3.us-east-1,ncbi.public",2024-10-17,2024-10-17,ERX13230761,Illumina MiSeq,,PAIRED,PCR,METAGENOMIC,ILLUMINA,2024-10-18T00:00:00Z,2024-10-24T06:24:00Z,1,ERP147020,SAMEA116142996,2456954,2018,2024-10-17,Italy,Europe,Italy,Istituto Europeo di Oncologia,public,Homo sapiens,SAMEA116142996,IEO-005-16S_1616,Homo sapiens,IEO-005-16S_1616,human
ERR13827996,AMPLICON,500,56259500,PRJEB61942,ISTITUTO EUROPEO DI ONCOLOGIA,public,"fastq,run.zq,sra","gs,ncbi,s3","s3.us-east-1,gs.us-east1,ncbi.public",2024-10-17,2024-10-17,ERX13230762,Illumina MiSeq,,PAIRED,PCR,METAGENOMIC,ILLUMINA,2024-10-17T00:00:00Z,2024-10-24T00:58:00Z,1,ERP147020,SAMEA116142997,31191269,2018,2024-10-17,Italy,Europe,Italy,Istituto Europeo di Oncologia,public,Homo sapiens,SAMEA116142997,IEO-007-16S_1617,Homo sapiens,IEO-007-16S_1617,human
ERR13827997,AMPLICON,500,9394000,PRJEB61942,ISTITUTO EUROPEO DI ONCOLOGIA,public,"fastq,sra,run.zq","ncbi,s3,gs","ncbi.public,gs.us-east1,s3.us-east-1",2024-10-17,2024-10-17,ERX13230763,Illumina MiSeq,,PAIRED,PCR,METAGENOMIC,ILLUMINA,2024-10-17T00:00:00Z,2024-10-24T06:20:00Z,1,ERP147020,SAMEA116142998,5321476,2018,2024-10-17,Italy,Europe,Italy,Istituto Europeo di Oncologia,public,Homo sapiens,SAMEA116142998,IEO-005-16S_1618,Homo sapiens,IEO-005-16S_1618,human
ERR13827998,AMPLICON,500,36036000,PRJEB61942,ISTITUTO EUROPEO DI ONCOLOGIA,public,"sra,run.zq,fastq","ncbi,s3,gs","ncbi.public,s3.us-east-1,gs.us-east1",2024-10-17,2024-10-17,ERX13230764,Illumina MiSeq,,PAIRED,PCR,METAGENOMIC,ILLUMINA,2024-10-17T00:00:00Z,2024-10-24T05:14:00Z,1,ERP147020,SAMEA116142999,20214534,2018,2024-10-17,Italy,Europe,Italy,Istituto Europeo di Oncologia,public,Homo sapiens,SAMEA116142999,IEO-004-16S_1619,Homo sapiens,IEO-004-16S_1619,human
ERR13827999,AMPLICON,500,7164000,PRJEB61942,ISTITUTO EUROPEO DI ONCOLOGIA,public,"sra,run.zq,fastq","ncbi,s3,gs","s3.us-east-1,gs.us-east1,ncbi.public",2024-10-17,2024-10-17,ERX13230765,Illumina MiSeq,,PAIRED,PCR,METAGENOMIC,ILLUMINA,2024-10-18T00:00:00Z,2024-10-24T03:19:00Z,1,ERP147020,SAMEA116143000,4139777,2018,2024-10-17,Italy,Europe,Italy,Istituto Europeo di Oncologia,public,Homo sapiens,SAMEA116143000,IEO-009-16S_1620,Homo sapiens,IEO-009-16S_1620,human
ERR13828000,AMPLICON,500,31307500,PRJEB61942,ISTITUTO EUROPEO DI ONCOLOGIA,public,"fastq,run.zq,sra","s3,gs,ncbi","s3.us-east-1,ncbi.public,gs.us-east1",2024-10-17,2024-10-17,ERX13230766,Illumina MiSeq,,PAIRED,PCR,METAGENOMIC,ILLUMINA,2024-10-18T00:00:00Z,2024-10-24T05:16:00Z,1,ERP147020,SAMEA116143001,17195030,2018,2024-10-17,Italy,Europe,Italy,Istituto Europeo di Oncologia,public,Homo sapiens,SAMEA116143001,IEO-006-16S_1621,Homo sapiens,IEO-006-16S_1621,human
ERR13828001,AMPLICON,500,48632500,PRJEB61942,ISTITUTO EUROPEO DI ONCOLOGIA,public,"fastq,sra,run.zq","s3,gs,ncbi","s3.us-east-1,gs.us-east1,ncbi.public",2024-10-17,2024-10-17,ERX13230767,Illumina MiSeq,,PAIRED,PCR,METAGENOMIC,ILLUMINA,2024-10-17T00:00:00Z,2024-10-24T03:17:00Z,1,ERP147020,SAMEA116143002,27110718,2018,2024-10-17,Italy,Europe,Italy,Istituto Europeo di Oncologia,public,Homo sapiens,SAMEA116143002,IEO-005-16S_1626,Homo sapiens,IEO-005-16S_1626,human
ERR13828002,AMPLICON,500,41521500,PRJEB61942,ISTITUTO EUROPEO DI ONCOLOGIA,public,"run.zq,fastq,sra","s3,gs,ncbi","gs.us-east1,s3.us-east-1,ncbi.public",2024-10-17,2024-10-17,ERX13230768,Illumina MiSeq,,PAIRED,PCR,METAGENOMIC,ILLUMINA,2024-10-18T00:00:00Z,2024-10-24T03:19:00Z,1,ERP147020,SAMEA116143003,22822038,2018,2024-10-17,Italy,Europe,Italy,Istituto Europeo di Oncologia,public,Homo sapiens,SAMEA116143003,IEO-007-16S_1627,Homo sapiens,IEO-007-16S_1627,human
ERR13828003,AMPLICON,500,78036000,PRJEB61942,ISTITUTO EUROPEO DI ONCOLOGIA,public,"run.zq,fastq,sra","ncbi,s3,gs","ncbi.public,gs.us-east1,s3.us-east-1",2024-10-17,2024-10-17,ERX13230769,Illumina MiSeq,,PAIRED,PCR,METAGENOMIC,ILLUMINA,2024-10-17T00:00:00Z,2024-10-24T05:11:00Z,1,ERP147020,SAMEA116143004,43399069,1958,2024-10-17,Italy,Europe,Italy,Istituto Europeo di Oncologia,public,Homo sapiens,SAMEA116143004,IEO-007-16S_1630,Homo sapiens,IEO-007-16S_1630,human
ERR13828004,AMPLICON,500,10717000,PRJEB61942,ISTITUTO EUROPEO DI ONCOLOGIA,public,"run.zq,sra,fastq","s3,gs,ncbi","gs.us-east1,s3.us-east-1,ncbi.public",2024-10-17,2024-10-17,ERX13230770,Illumina MiSeq,,PAIRED,PCR,METAGENOMIC,ILLUMINA,2024-10-18T00:00:00Z,2024-10-24T05:16:00Z,1,ERP147020,SAMEA116143005,6431486,2018,2024-10-17,Italy,Europe,Italy,Istituto Europeo di Oncologia,public,Homo sapiens,SAMEA116143005,IEO-009-16S_1632,Homo sapiens,IEO-009-16S_1632,human
ERR13828005,AMPLICON,500,10273500,PRJEB61942,ISTITUTO EUROPEO DI ONCOLOGIA,public,"fastq,sra,run.zq","s3,ncbi,gs","ncbi.public,gs.us-east1,s3.us-east-1",2024-10-17,2024-10-17,ERX13230771,Illumina MiSeq,,PAIRED,PCR,METAGENOMIC,ILLUMINA,2024-10-17T00:00:00Z,2024-10-24T00:56:00Z,1,ERP147020,SAMEA116143006,5825268,2018,2024-10-17,Italy,Europe,Italy,Istituto Europeo di Oncologia,public,Homo sapiens,SAMEA116143006,IEO-006-16S_1636,Homo sapiens,IEO-006-16S_1636,human
ERR13828006,AMPLICON,500,29517000,PRJEB61942,ISTITUTO EUROPEO DI ONCOLOGIA,public,"run.zq,fastq,sra","s3,gs,ncbi","s3.us-east-1,ncbi.public,gs.us-east1",2024-10-17,2024-10-17,ERX13230772,Illumina MiSeq,,PAIRED,PCR,METAGENOMIC,ILLUMINA,2024-10-17T00:00:00Z,2024-10-24T03:16:00Z,1,ERP147020,SAMEA116143007,16449556,2018,2024-10-17,Italy,Europe,Italy,Istituto Europeo di Oncologia,public,Homo sapiens,SAMEA116143007,IEO-007-16S_1637,Homo sapiens,IEO-007-16S_1637,human
ERR13828007,AMPLICON,500,44570500,PRJEB61942,ISTITUTO EUROPEO DI ONCOLOGIA,public,"sra,fastq,run.zq","s3,ncbi,gs","gs.us-east1,ncbi.public,s3.us-east-1",2024-10-17,2024-10-17,ERX13230773,Illumina MiSeq,,PAIRED,PCR,METAGENOMIC,ILLUMINA,2024-10-17T00:00:00Z,2024-10-24T00:59:00Z,1,ERP147020,SAMEA116143008,25613214,2018,2024-10-17,Italy,Europe,Italy,Istituto Europeo di Oncologia,public,Homo sapiens,SAMEA116143008,IEO-010-16S_1641,Homo sapiens,IEO-010-16S_1641,human
ERR13828008,AMPLICON,500,88572500,PRJEB61942,ISTITUTO EUROPEO DI ONCOLOGIA,public,"sra,fastq,run.zq","s3,gs,ncbi","s3.us-east-1,ncbi.public,gs.us-east1",2024-10-17,2024-10-17,ERX13230774,Illumina MiSeq,,PAIRED,PCR,METAGENOMIC,ILLUMINA,2024-10-17T00:00:00Z,2024-10-24T03:18:00Z,1,ERP147020,SAMEA116143009,49851585,2018,2024-10-17,Italy,Europe,Italy,Istituto Europeo di Oncologia,public,Homo sapiens,SAMEA116143009,IEO-001-16S_1646,Homo sapiens,IEO-001-16S_1646,human
ERR13828009,AMPLICON,500,882500,PRJEB61942,ISTITUTO EUROPEO DI ONCOLOGIA,public,"sra,fastq,run.zq","gs,ncbi,s3","s3.us-east-1,gs.us-east1,ncbi.public",2024-10-17,2024-10-17,ERX13230775,Illumina MiSeq,,PAIRED,PCR,METAGENOMIC,ILLUMINA,2024-10-17T00:00:00Z,2024-10-24T00:57:00Z,1,ERP147020,SAMEA116143010,568121,2018,2024-10-17,Italy,Europe,Italy,Istituto Europeo di Oncologia,public,Homo sapiens,SAMEA116143010,IEO-011-16S_1648,Homo sapiens,IEO-011-16S_1648,human
ERR13828010,AMPLICON,500,8846000,PRJEB61942,ISTITUTO EUROPEO DI ONCOLOGIA,public,"run.zq,sra,fastq","ncbi,s3,gs","s3.us-east-1,gs.us-east1,ncbi.public",2024-10-17,2024-10-17,ERX13230776,Illumina MiSeq,,PAIRED,PCR,METAGENOMIC,ILLUMINA,2024-10-18T00:00:00Z,2024-10-24T05:17:00Z,1,ERP147020,SAMEA116143011,4879108,2018,2024-10-17,Italy,Europe,Italy,Istituto Europeo di Oncologia,public,Homo sapiens,SAMEA116143011,IEO-004-16S_1649,Homo sapiens,IEO-004-16S_1649,human
ERR13828011,AMPLICON,500,10209000,PRJEB61942,ISTITUTO EUROPEO DI ONCOLOGIA,public,"sra,run.zq,fastq","gs,ncbi,s3","s3.us-east-1,ncbi.public,gs.us-east1",2024-10-17,2024-10-17,ERX13230777,Illumina MiSeq,,PAIRED,PCR,METAGENOMIC,ILLUMINA,2024-10-18T00:00:00Z,2024-10-24T03:23:00Z,1,ERP147020,SAMEA116143012,5794976,2019,2024-10-17,Italy,Europe,Italy,Istituto Europeo di Oncologia,public,Homo sapiens,SAMEA116143012,IEO-008-16S_1653,Homo sapiens,IEO-008-16S_1653,human
ERR13828012,AMPLICON,500,72761500,PRJEB61942,ISTITUTO EUROPEO DI ONCOLOGIA,public,"fastq,sra,run.zq","s3,gs,ncbi","ncbi.public,gs.us-east1,s3.us-east-1",2024-10-17,2024-10-17,ERX13230778,Illumina MiSeq,,PAIRED,PCR,METAGENOMIC,ILLUMINA,2024-10-17T00:00:00Z,2024-10-24T05:14:00Z,1,ERP147020,SAMEA116143013,41265668,2019,2024-10-17,Italy,Europe,Italy,Istituto Europeo di Oncologia,public,Homo sapiens,SAMEA116143013,IEO-006-16S_1668,Homo sapiens,IEO-006-16S_1668,human
ERR13828013,AMPLICON,500,30948500,PRJEB61942,ISTITUTO EUROPEO DI ONCOLOGIA,public,"fastq,sra,run.zq","s3,ncbi,gs","ncbi.public,s3.us-east-1,gs.us-east1",2024-10-17,2024-10-17,ERX13230779,Illumina MiSeq,,PAIRED,PCR,METAGENOMIC,ILLUMINA,2024-10-18T00:00:00Z,2024-10-24T03:21:00Z,1,ERP147020,SAMEA116143014,16976630,2018,2024-10-17,Italy,Europe,Italy,Istituto Europeo di Oncologia,public,Homo sapiens,SAMEA116143014,IEO-014-16S_1669,Homo sapiens,IEO-014-16S_1669,human
ERR13828014,AMPLICON,500,2778500,PRJEB61942,ISTITUTO EUROPEO DI ONCOLOGIA,public,"run.zq,sra,fastq","gs,s3,ncbi","gs.us-east1,ncbi.public,s3.us-east-1",2024-10-17,2024-10-17,ERX13230780,Illumina MiSeq,,PAIRED,PCR,METAGENOMIC,ILLUMINA,2024-10-17T00:00:00Z,2024-10-24T06:24:00Z,1,ERP147020,SAMEA116143015,1604455,2019,2024-10-17,Italy,Europe,Italy,Istituto Europeo di Oncologia,public,Homo sapiens,SAMEA116143015,IEO-001-16S_1670,Homo sapiens,IEO-001-16S_1670,human
ERR13828015,AMPLICON,500,84503500,PRJEB61942,ISTITUTO EUROPEO DI ONCOLOGIA,public,"fastq,sra,run.zq","s3,gs,ncbi","ncbi.public,s3.us-east-1,gs.us-east1",2024-10-17,2024-10-17,ERX13230781,Illumina MiSeq,,PAIRED,PCR,METAGENOMIC,ILLUMINA,2024-10-18T00:00:00Z,2024-10-24T05:15:00Z,1,ERP147020,SAMEA116143016,49670038,2019,2024-10-17,Italy,Europe,Italy,Istituto Europeo di Oncologia,public,Homo sapiens,SAMEA116143016,IEO-002-16S_1672,Homo sapiens,IEO-002-16S_1672,human
ERR13828016,AMPLICON,500,45744000,PRJEB61942,ISTITUTO EUROPEO DI ONCOLOGIA,public,"sra,run.zq,fastq","s3,ncbi,gs","gs.us-east1,s3.us-east-1,ncbi.public",2024-10-17,2024-10-17,ERX13230782,Illumina MiSeq,,PAIRED,PCR,METAGENOMIC,ILLUMINA,2024-10-18T00:00:00Z,2024-10-24T03:18:00Z,1,ERP147020,SAMEA116143017,26516267,2019,2024-10-17,Italy,Europe,Italy,Istituto Europeo di Oncologia,public,Homo sapiens,SAMEA116143017,IEO-004-16S_1673,Homo sapiens,IEO-004-16S_1673,human
ERR13828017,AMPLICON,500,65013000,PRJEB61942,ISTITUTO EUROPEO DI ONCOLOGIA,public,"sra,run.zq,fastq","s3,ncbi,gs","gs.us-east1,s3.us-east-1,ncbi.public",2024-10-17,2024-10-17,ERX13230783,Illumina MiSeq,,PAIRED,PCR,METAGENOMIC,ILLUMINA,2024-10-17T00:00:00Z,2024-10-24T05:18:00Z,1,ERP147020,SAMEA116143018,35636993,2018,2024-10-17,Italy,Europe,Italy,Istituto Europeo di Oncologia,public,Homo sapiens,SAMEA116143018,IEO-014-16S_1674,Homo sapiens,IEO-014-16S_1674,human
ERR13828018,AMPLICON,500,33719500,PRJEB61942,ISTITUTO EUROPEO DI ONCOLOGIA,public,"run.zq,fastq,sra","s3,gs,ncbi","s3.us-east-1,ncbi.public,gs.us-east1",2024-10-17,2024-10-17,ERX13230784,Illumina MiSeq,,PAIRED,PCR,METAGENOMIC,ILLUMINA,2024-10-17T00:00:00Z,2024-10-24T05:13:00Z,1,ERP147020,SAMEA116143019,22980961,2019,2024-10-17,Italy,Europe,Italy,Istituto Europeo di Oncologia,public,Homo sapiens,SAMEA116143019,IEO-006-16S_1677,Homo sapiens,IEO-006-16S_1677,human
ERR13828019,AMPLICON,500,27760500,PRJEB61942,ISTITUTO EUROPEO DI ONCOLOGIA,public,"sra,run.zq,fastq","gs,s3,ncbi","ncbi.public,gs.us-east1,s3.us-east-1",2024-10-17,2024-10-17,ERX13230785,Illumina MiSeq,,PAIRED,PCR,METAGENOMIC,ILLUMINA,2024-10-17T00:00:00Z,2024-10-24T05:18:00Z,1,ERP147020,SAMEA116143020,14983190,2019,2024-10-17,Italy,Europe,Italy,Istituto Europeo di Oncologia,public,Homo sapiens,SAMEA116143020,IEO-004-16S_1679,Homo sapiens,IEO-004-16S_1679,human
ERR13828020,AMPLICON,500,10869000,PRJEB61942,ISTITUTO EUROPEO DI ONCOLOGIA,public,"fastq,run.zq,sra","s3,gs,ncbi","ncbi.public,s3.us-east-1,gs.us-east1",2024-10-17,2024-10-17,ERX13230786,Illumina MiSeq,,PAIRED,PCR,METAGENOMIC,ILLUMINA,2024-10-18T00:00:00Z,2024-10-24T05:18:00Z,1,ERP147020,SAMEA116143021,6240055,2019,2024-10-17,Italy,Europe,Italy,Istituto Europeo di Oncologia,public,Homo sapiens,SAMEA116143021,IEO-002-16S_1681,Homo sapiens,IEO-002-16S_1681,human
ERR13828021,AMPLICON,500,49230000,PRJEB61942,ISTITUTO EUROPEO DI ONCOLOGIA,public,"fastq,run.zq,sra","s3,ncbi,gs","s3.us-east-1,ncbi.public,gs.us-east1",2024-10-17,2024-10-17,ERX13230787,Illumina MiSeq,,PAIRED,PCR,METAGENOMIC,ILLUMINA,2024-10-17T00:00:00Z,2024-10-24T05:10:00Z,1,ERP147020,SAMEA116143022,27456456,2019,2024-10-17,Italy,Europe,Italy,Istituto Europeo di Oncologia,public,Homo sapiens,SAMEA116143022,IEO-001-16S_1682,Homo sapiens,IEO-001-16S_1682,human
ERR13828022,AMPLICON,500,12025000,PRJEB61942,ISTITUTO EUROPEO DI ONCOLOGIA,public,"run.zq,sra,fastq","s3,gs,ncbi","s3.us-east-1,ncbi.public,gs.us-east1",2024-10-17,2024-10-17,ERX13230788,Illumina MiSeq,,PAIRED,PCR,METAGENOMIC,ILLUMINA,2024-10-18T00:00:00Z,2024-10-24T05:16:00Z,1,ERP147020,SAMEA116143023,6795434,2019,2024-10-17,Italy,Europe,Italy,Istituto Europeo di Oncologia,public,Homo sapiens,SAMEA116143023,IEO-015-16S_1684,Homo sapiens,IEO-015-16S_1684,human
ERR13828023,AMPLICON,500,87398500,PRJEB61942,ISTITUTO EUROPEO DI ONCOLOGIA,public,"run.zq,fastq,sra","ncbi,s3,gs","gs.us-east1,ncbi.public,s3.us-east-1",2024-10-17,2024-10-17,ERX13230789,Illumina MiSeq,,PAIRED,PCR,METAGENOMIC,ILLUMINA,2024-10-18T00:00:00Z,2024-10-24T05:16:00Z,1,ERP147020,SAMEA116143024,50873121,2019,2024-10-17,Italy,Europe,Italy,Istituto Europeo di Oncologia,public,Homo sapiens,SAMEA116143024,IEO-006-16S_1686,Homo sapiens,IEO-006-16S_1686,human
ERR13828024,AMPLICON,500,4189000,PRJEB61942,ISTITUTO EUROPEO DI ONCOLOGIA,public,"run.zq,sra,fastq","s3,gs,ncbi","gs.us-east1,ncbi.public,s3.us-east-1",2024-10-17,2024-10-17,ERX13230790,Illumina MiSeq,,PAIRED,PCR,METAGENOMIC,ILLUMINA,2024-10-17T00:00:00Z,2024-10-24T03:19:00Z,1,ERP147020,SAMEA116143025,2368797,2019,2024-10-17,Italy,Europe,Italy,Istituto Europeo di Oncologia,public,Homo sapiens,SAMEA116143025,IEO-004-16S_1690,Homo sapiens,IEO-004-16S_1690,human
ERR13828025,AMPLICON,500,74108500,PRJEB61942,ISTITUTO EUROPEO DI ONCOLOGIA,public,"run.zq,sra,fastq","gs,ncbi,s3","ncbi.public,gs.us-east1,s3.us-east-1",2024-10-17,2024-10-17,ERX13230791,Illumina MiSeq,,PAIRED,PCR,METAGENOMIC,ILLUMINA,2024-10-17T00:00:00Z,2024-10-24T01:00:00Z,1,ERP147020,SAMEA116143026,41598450,2019,2024-10-17,Italy,Europe,Italy,Istituto Europeo di Oncologia,public,Homo sapiens,SAMEA116143026,IEO-002-16S_1694,Homo sapiens,IEO-002-16S_1694,human
ERR13828026,AMPLICON,500,13353500,PRJEB61942,ISTITUTO EUROPEO DI ONCOLOGIA,public,"sra,fastq,run.zq","ncbi,s3,gs","gs.us-east1,ncbi.public,s3.us-east-1",2024-10-17,2024-10-17,ERX13230792,Illumina MiSeq,,PAIRED,PCR,METAGENOMIC,ILLUMINA,2024-10-17T00:00:00Z,2024-10-24T03:18:00Z,1,ERP147020,SAMEA116143027,7707052,2019,2024-10-17,Italy,Europe,Italy,Istituto Europeo di Oncologia,public,Homo sapiens,SAMEA116143027,IEO-015-16S_1696,Homo sapiens,IEO-015-16S_1696,human
ERR13828027,AMPLICON,500,3691000,PRJEB61942,ISTITUTO EUROPEO DI ONCOLOGIA,public,"run.zq,fastq,sra","s3,ncbi,gs","gs.us-east1,s3.us-east-1,ncbi.public",2024-10-17,2024-10-17,ERX13230793,Illumina MiSeq,,PAIRED,PCR,METAGENOMIC,ILLUMINA,2024-10-18T00:00:00Z,2024-10-24T05:17:00Z,1,ERP147020,SAMEA116143028,2088534,2019,2024-10-17,Italy,Europe,Italy,Istituto Europeo di Oncologia,public,Homo sapiens,SAMEA116143028,IEO-004-16S_2022,Homo sapiens,IEO-004-16S_2022,human
ERR13828028,AMPLICON,500,4175000,PRJEB61942,ISTITUTO EUROPEO DI ONCOLOGIA,public,"sra,run.zq,fastq","s3,gs,ncbi","gs.us-east1,ncbi.public,s3.us-east-1",2024-10-17,2024-10-17,ERX13230794,Illumina MiSeq,,PAIRED,PCR,METAGENOMIC,ILLUMINA,2024-10-18T00:00:00Z,2024-10-24T05:15:00Z,1,ERP147020,SAMEA116143029,2416849,2019,2024-10-17,Italy,Europe,Italy,Istituto Europeo di Oncologia,public,Homo sapiens,SAMEA116143029,IEO-006-16S_2027,Homo sapiens,IEO-006-16S_2027,human
ERR13828029,AMPLICON,500,71216500,PRJEB61942,ISTITUTO EUROPEO DI ONCOLOGIA,public,"run.zq,fastq,sra","gs,s3,ncbi","s3.us-east-1,gs.us-east1,ncbi.public",2024-10-17,2024-10-17,ERX13230795,Illumina MiSeq,,PAIRED,PCR,METAGENOMIC,ILLUMINA,2024-10-17T00:00:00Z,2024-10-24T05:11:00Z,1,ERP147020,SAMEA116143030,43275438,2019,2024-10-17,Italy,Europe,Italy,Istituto Europeo di Oncologia,public,Homo sapiens,SAMEA116143030,IEO-012-16S_2029,Homo sapiens,IEO-012-16S_2029,human
ERR13828030,AMPLICON,502,44336138,PRJEB61942,ISTITUTO EUROPEO DI ONCOLOGIA,public,"fastq,sra,run.zq","s3,ncbi,gs","s3.us-east-1,gs.us-east1,ncbi.public",2024-10-17,2024-10-17,ERX13230796,Illumina MiSeq,,PAIRED,PCR,METAGENOMIC,ILLUMINA,2024-10-17T00:00:00Z,2024-10-24T05:13:00Z,1,ERP147020,SAMEA116143031,25564427,2018,2024-10-17,Italy,Europe,Italy,Istituto Europeo di Oncologia,public,Homo sapiens,SAMEA116143031,FGP-001-16S_GU37,Homo sapiens,FGP-001-16S_GU37,human
ERR13828031,AMPLICON,502,48787372,PRJEB61942,ISTITUTO EUROPEO DI ONCOLOGIA,public,"run.zq,sra,fastq","s3,gs,ncbi","ncbi.public,gs.us-east1,s3.us-east-1",2024-10-17,2024-10-17,ERX13230797,Illumina MiSeq,,PAIRED,PCR,METAGENOMIC,ILLUMINA,2024-10-18T00:00:00Z,2024-10-24T03:21:00Z,1,ERP147020,SAMEA116143032,27966980,2018,2024-10-17,Italy,Europe,Italy,Istituto Europeo di Oncologia,public,Homo sapiens,SAMEA116143032,FGP-001-16S_GU38,Homo sapiens,FGP-001-16S_GU38,human
ERR13828032,AMPLICON,502,53765204,PRJEB61942,ISTITUTO EUROPEO DI ONCOLOGIA,public,"run.zq,sra,fastq","gs,s3,ncbi","gs.us-east1,s3.us-east-1,ncbi.public",2024-10-17,2024-10-17,ERX13230798,Illumina MiSeq,,PAIRED,PCR,METAGENOMIC,ILLUMINA,2024-10-18T00:00:00Z,2024-10-24T05:14:00Z,1,ERP147020,SAMEA116143033,30895194,2018,2024-10-17,Italy,Europe,Italy,Istituto Europeo di Oncologia,public,Homo sapiens,SAMEA116143033,FGP-001-16S_GU39,Homo sapiens,FGP-001-16S_GU39,human
ERR13828033,AMPLICON,502,47092118,PRJEB61942,ISTITUTO EUROPEO DI ONCOLOGIA,public,"fastq,sra,run.zq","s3,ncbi,gs","ncbi.public,gs.us-east1,s3.us-east-1",2024-10-17,2024-10-17,ERX13230799,Illumina MiSeq,,PAIRED,PCR,METAGENOMIC,ILLUMINA,2024-10-18T00:00:00Z,2024-10-24T03:18:00Z,1,ERP147020,SAMEA116143034,26906143,2018,2024-10-17,Italy,Europe,Italy,Istituto Europeo di Oncologia,public,Homo sapiens,SAMEA116143034,FGP-001-16S_GU40,Homo sapiens,FGP-001-16S_GU40,human
ERR13828034,AMPLICON,502,50264758,PRJEB61942,ISTITUTO EUROPEO DI ONCOLOGIA,public,"run.zq,fastq,sra","s3,ncbi,gs","ncbi.public,gs.us-east1,s3.us-east-1",2024-10-17,2024-10-17,ERX13230800,Illumina MiSeq,,PAIRED,PCR,METAGENOMIC,ILLUMINA,2024-10-17T00:00:00Z,2024-10-24T05:11:00Z,1,ERP147020,SAMEA116143035,28834862,2019,2024-10-17,Italy,Europe,Italy,Istituto Europeo di Oncologia,public,Homo sapiens,SAMEA116143035,FGP-001-16S_GU41,Homo sapiens,FGP-001-16S_GU41,human
ERR13828035,AMPLICON,502,44116764,PRJEB61942,ISTITUTO EUROPEO DI ONCOLOGIA,public,"run.zq,sra,fastq","s3,ncbi,gs","ncbi.public,s3.us-east-1,gs.us-east1",2024-10-17,2024-10-17,ERX13230801,Illumina MiSeq,,PAIRED,PCR,METAGENOMIC,ILLUMINA,2024-10-18T00:00:00Z,2024-10-24T03:24:00Z,1,ERP147020,SAMEA116143036,25871970,2019,2024-10-17,Italy,Europe,Italy,Istituto Europeo di Oncologia,public,Homo sapiens,SAMEA116143036,FGP-001-16S_GU42,Homo sapiens,FGP-001-16S_GU42,human
ERR13828036,AMPLICON,502,50321986,PRJEB61942,ISTITUTO EUROPEO DI ONCOLOGIA,public,"fastq,sra,run.zq","s3,gs,ncbi","s3.us-east-1,gs.us-east1,ncbi.public",2024-10-17,2024-10-17,ERX13230802,Illumina MiSeq,,PAIRED,PCR,METAGENOMIC,ILLUMINA,2024-10-17T00:00:00Z,2024-10-24T01:00:00Z,1,ERP147020,SAMEA116143037,28189530,2018,2024-10-17,Italy,Europe,Italy,Istituto Europeo di Oncologia,public,Homo sapiens,SAMEA116143037,FGP-002-16S_GU47,Homo sapiens,FGP-002-16S_GU47,human
ERR13828037,AMPLICON,502,46697546,PRJEB61942,ISTITUTO EUROPEO DI ONCOLOGIA,public,"sra,run.zq,fastq","gs,ncbi,s3","s3.us-east-1,ncbi.public,gs.us-east1",2024-10-17,2024-10-17,ERX13230803,Illumina MiSeq,,PAIRED,PCR,METAGENOMIC,ILLUMINA,2024-10-18T00:00:00Z,2024-10-24T05:19:00Z,1,ERP147020,SAMEA116143038,26128750,2018,2024-10-17,Italy,Europe,Italy,Istituto Europeo di Oncologia,public,Homo sapiens,SAMEA116143038,FGP-002-16S_GU48,Homo sapiens,FGP-002-16S_GU48,human
ERR13828038,AMPLICON,502,48670406,PRJEB61942,ISTITUTO EUROPEO DI ONCOLOGIA,public,"fastq,run.zq,sra","ncbi,s3,gs","s3.us-east-1,ncbi.public,gs.us-east1",2024-10-17,2024-10-17,ERX13230804,Illumina MiSeq,,PAIRED,PCR,METAGENOMIC,ILLUMINA,2024-10-17T00:00:00Z,2024-10-24T00:55:00Z,1,ERP147020,SAMEA116143039,27268159,2018,2024-10-17,Italy,Europe,Italy,Istituto Europeo di Oncologia,public,Homo sapiens,SAMEA116143039,FGP-002-16S_GU49,Homo sapiens,FGP-002-16S_GU49,human
ERR13828039,AMPLICON,502,55116086,PRJEB61942,ISTITUTO EUROPEO DI ONCOLOGIA,public,"run.zq,sra,fastq","s3,ncbi,gs","ncbi.public,s3.us-east-1,gs.us-east1",2024-10-17,2024-10-17,ERX13230805,Illumina MiSeq,,PAIRED,PCR,METAGENOMIC,ILLUMINA,2024-10-17T00:00:00Z,2024-10-24T03:18:00Z,1,ERP147020,SAMEA116143040,31150633,2018,2024-10-17,Italy,Europe,Italy,Istituto Europeo di Oncologia,public,Homo sapiens,SAMEA116143040,FGP-002-16S_GU50,Homo sapiens,FGP-002-16S_GU50,human
ERR13828040,AMPLICON,502,48082062,PRJEB61942,ISTITUTO EUROPEO DI ONCOLOGIA,public,"run.zq,sra,fastq","s3,gs,ncbi","s3.us-east-1,gs.us-east1,ncbi.public",2024-10-17,2024-10-17,ERX13230806,Illumina MiSeq,,PAIRED,PCR,METAGENOMIC,ILLUMINA,2024-10-17T00:00:00Z,2024-10-24T01:00:00Z,1,ERP147020,SAMEA116143041,27062351,2018,2024-10-17,Italy,Europe,Italy,Istituto Europeo di Oncologia,public,Homo sapiens,SAMEA116143041,FGP-002-16S_GU51,Homo sapiens,FGP-002-16S_GU51,human
ERR13828042,AMPLICON,502,45452586,PRJEB61942,ISTITUTO EUROPEO DI ONCOLOGIA,public,"run.zq,sra,fastq","gs,s3,ncbi","gs.us-east1,ncbi.public,s3.us-east-1",2024-10-17,2024-10-17,ERX13230808,Illumina MiSeq,,PAIRED,PCR,METAGENOMIC,ILLUMINA,2024-10-18T00:00:00Z,2024-10-24T03:20:00Z,1,ERP147020,SAMEA116143043,26292329,2018,2024-10-17,Italy,Europe,Italy,Istituto Europeo di Oncologia,public,Homo sapiens,SAMEA116143043,FGP-005-16S_GU56,Homo sapiens,FGP-005-16S_GU56,human
ERR13828043,AMPLICON,502,43821588,PRJEB61942,ISTITUTO EUROPEO DI ONCOLOGIA,public,"run.zq,fastq,sra","ncbi,s3,gs","s3.us-east-1,gs.us-east1,ncbi.public",2024-10-17,2024-10-17,ERX13230809,Illumina MiSeq,,PAIRED,PCR,METAGENOMIC,ILLUMINA,2024-10-18T00:00:00Z,2024-10-24T03:22:00Z,1,ERP147020,SAMEA116143044,25808084,2018,2024-10-17,Italy,Europe,Italy,Istituto Europeo di Oncologia,public,Homo sapiens,SAMEA116143044,FGP-006-16S_GU57,Homo sapiens,FGP-006-16S_GU57,human
ERR13828044,AMPLICON,502,46003782,PRJEB61942,ISTITUTO EUROPEO DI ONCOLOGIA,public,"fastq,run.zq,sra","s3,gs,ncbi","gs.us-east1,s3.us-east-1,ncbi.public",2024-10-17,2024-10-17,ERX13230810,Illumina MiSeq,,PAIRED,PCR,METAGENOMIC,ILLUMINA,2024-10-18T00:00:00Z,2024-10-24T03:18:00Z,1,ERP147020,SAMEA116143045,27760293,2018,2024-10-17,Italy,Europe,Italy,Istituto Europeo di Oncologia,public,Homo sapiens,SAMEA116143045,FGP-006-16S_GU58,Homo sapiens,FGP-006-16S_GU58,human
ERR13828045,AMPLICON,502,25402204,PRJEB61942,ISTITUTO EUROPEO DI ONCOLOGIA,public,"sra,run.zq,fastq","gs,s3,ncbi","ncbi.public,s3.us-east-1,gs.us-east1",2024-10-17,2024-10-17,ERX13230811,Illumina MiSeq,,PAIRED,PCR,METAGENOMIC,ILLUMINA,2024-10-17T00:00:00Z,2024-10-24T05:10:00Z,1,ERP147020,SAMEA116143046,15196177,2018,2024-10-17,Italy,Europe,Italy,Istituto Europeo di Oncologia,public,Homo sapiens,SAMEA116143046,FGP-006-16S_GU59,Homo sapiens,FGP-006-16S_GU59,human
ERR13828046,AMPLICON,502,42019910,PRJEB61942,ISTITUTO EUROPEO DI ONCOLOGIA,public,"fastq,run.zq,sra","ncbi,gs,s3","ncbi.public,gs.us-east1,s3.us-east-1",2024-10-17,2024-10-17,ERX13230812,Illumina MiSeq,,PAIRED,PCR,METAGENOMIC,ILLUMINA,2024-10-17T00:00:00Z,2024-10-24T05:12:00Z,1,ERP147020,SAMEA116143047,25263752,2019,2024-10-17,Italy,Europe,Italy,Istituto Europeo di Oncologia,public,Homo sapiens,SAMEA116143047,FGP-006-16S_GU60,Homo sapiens,FGP-006-16S_GU60,human
ERR13828047,AMPLICON,502,45424976,PRJEB61942,ISTITUTO EUROPEO DI ONCOLOGIA,public,"fastq,sra,run.zq","gs,ncbi,s3","gs.us-east1,s3.us-east-1,ncbi.public",2024-10-17,2024-10-17,ERX13230813,Illumina MiSeq,,PAIRED,PCR,METAGENOMIC,ILLUMINA,2024-10-17T00:00:00Z,2024-10-24T00:58:00Z,1,ERP147020,SAMEA116143048,26805027,2019,2024-10-17,Italy,Europe,Italy,Istituto Europeo di Oncologia,public,Homo sapiens,SAMEA116143048,FGP-006-16S_GU61,Homo sapiens,FGP-006-16S_GU61,human
ERR13828048,AMPLICON,502,46377772,PRJEB61942,ISTITUTO EUROPEO DI ONCOLOGIA,public,"sra,fastq,run.zq","s3,ncbi,gs","gs.us-east1,ncbi.public,s3.us-east-1",2024-10-17,2024-10-17,ERX13230814,Illumina MiSeq,,PAIRED,PCR,METAGENOMIC,ILLUMINA,2024-10-18T00:00:00Z,2024-10-24T05:14:00Z,1,ERP147020,SAMEA116143049,27209850,2019,2024-10-17,Italy,Europe,Italy,Istituto Europeo di Oncologia,public,Homo sapiens,SAMEA116143049,FGP-006-16S_GU62,Homo sapiens,FGP-006-16S_GU62,human
ERR13828049,AMPLICON,502,43798496,PRJEB61942,ISTITUTO EUROPEO DI ONCOLOGIA,public,"fastq,run.zq,sra","gs,s3,ncbi","gs.us-east1,ncbi.public,s3.us-east-1",2024-10-17,2024-10-17,ERX13230815,Illumina MiSeq,,PAIRED,PCR,METAGENOMIC,ILLUMINA,2024-10-17T00:00:00Z,2024-10-24T03:18:00Z,1,ERP147020,SAMEA116143050,26092287,2018,2024-10-17,Italy,Europe,Italy,Istituto Europeo di Oncologia,public,Homo sapiens,SAMEA116143050,FGP-007-16S_GU66,Homo sapiens,FGP-007-16S_GU66,human
ERR13828050,AMPLICON,502,47311994,PRJEB61942,ISTITUTO EUROPEO DI ONCOLOGIA,public,"sra,fastq,run.zq","ncbi,s3,gs","s3.us-east-1,ncbi.public,gs.us-east1",2024-10-17,2024-10-17,ERX13230816,Illumina MiSeq,,PAIRED,PCR,METAGENOMIC,ILLUMINA,2024-10-17T00:00:00Z,2024-10-24T00:55:00Z,1,ERP147020,SAMEA116143051,27640010,2019,2024-10-17,Italy,Europe,Italy,Istituto Europeo di Oncologia,public,Homo sapiens,SAMEA116143051,FGP-007-16S_GU67,Homo sapiens,FGP-007-16S_GU67,human
ERR13828051,AMPLICON,502,39955686,PRJEB61942,ISTITUTO EUROPEO DI ONCOLOGIA,public,"fastq,run.zq,sra","gs,s3,ncbi","gs.us-east1,ncbi.public,s3.us-east-1",2024-10-17,2024-10-17,ERX13230817,Illumina MiSeq,,PAIRED,PCR,METAGENOMIC,ILLUMINA,2024-10-17T00:00:00Z,2024-10-24T05:11:00Z,1,ERP147020,SAMEA116143052,23529734,2019,2024-10-17,Italy,Europe,Italy,Istituto Europeo di Oncologia,public,Homo sapiens,SAMEA116143052,FGP-007-16S_GU68,Homo sapiens,FGP-007-16S_GU68,human
ERR13828052,AMPLICON,502,38431112,PRJEB61942,ISTITUTO EUROPEO DI ONCOLOGIA,public,"fastq,sra,run.zq","s3,gs,ncbi","ncbi.public,s3.us-east-1,gs.us-east1",2024-10-17,2024-10-17,ERX13230818,Illumina MiSeq,,PAIRED,PCR,METAGENOMIC,ILLUMINA,2024-10-18T00:00:00Z,2024-10-24T03:20:00Z,1,ERP147020,SAMEA116143053,22779453,2018,2024-10-17,Italy,Europe,Italy,Istituto Europeo di Oncologia,public,Homo sapiens,SAMEA116143053,FGP-009-16S_GU69,Homo sapiens,FGP-009-16S_GU69,human
ERR13828053,AMPLICON,502,48490690,PRJEB61942,ISTITUTO EUROPEO DI ONCOLOGIA,public,"run.zq,sra,fastq","ncbi,gs,s3","gs.us-east1,s3.us-east-1,ncbi.public",2024-10-17,2024-10-17,ERX13230819,Illumina MiSeq,,PAIRED,PCR,METAGENOMIC,ILLUMINA,2024-10-17T00:00:00Z,2024-10-24T05:18:00Z,1,ERP147020,SAMEA116143054,29795731,2018,2024-10-17,Italy,Europe,Italy,Istituto Europeo di Oncologia,public,Homo sapiens,SAMEA116143054,FGP-009-16S_GU70,Homo sapiens,FGP-009-16S_GU70,human
ERR13828054,AMPLICON,502,56027718,PRJEB61942,ISTITUTO EUROPEO DI ONCOLOGIA,public,"fastq,sra,run.zq","gs,ncbi,s3","s3.us-east-1,gs.us-east1,ncbi.public",2024-10-17,2024-10-17,ERX13230820,Illumina MiSeq,,PAIRED,PCR,METAGENOMIC,ILLUMINA,2024-10-17T00:00:00Z,2024-10-24T05:15:00Z,1,ERP147020,SAMEA116143055,33023483,2019,2024-10-17,Italy,Europe,Italy,Istituto Europeo di Oncologia,public,Homo sapiens,SAMEA116143055,FGP-009-16S_GU71,Homo sapiens,FGP-009-16S_GU71,human
ERR13828056,AMPLICON,502,47571528,PRJEB61942,ISTITUTO EUROPEO DI ONCOLOGIA,public,"sra,fastq,run.zq","s3,gs,ncbi","gs.us-east1,s3.us-east-1,ncbi.public",2024-10-17,2024-10-17,ERX13230822,Illumina MiSeq,,PAIRED,PCR,METAGENOMIC,ILLUMINA,2024-10-17T00:00:00Z,2024-10-24T05:18:00Z,1,ERP147020,SAMEA116143057,28064862,2019,2024-10-17,Italy,Europe,Italy,Istituto Europeo di Oncologia,public,Homo sapiens,SAMEA116143057,FGP-009-16S_GU73,Homo sapiens,FGP-009-16S_GU73,human
ERR13828057,AMPLICON,502,49058452,PRJEB61942,ISTITUTO EUROPEO DI ONCOLOGIA,public,"fastq,run.zq,sra","ncbi,gs,s3","s3.us-east-1,ncbi.public,gs.us-east1",2024-10-17,2024-10-17,ERX13230823,Illumina MiSeq,,PAIRED,PCR,METAGENOMIC,ILLUMINA,2024-10-18T00:00:00Z,2024-10-24T03:21:00Z,1,ERP147020,SAMEA116143058,28968980,2019,2024-10-17,Italy,Europe,Italy,Istituto Europeo di Oncologia,public,Homo sapiens,SAMEA116143058,FGP-009-16S_GU74,Homo sapiens,FGP-009-16S_GU74,human
ERR13828058,AMPLICON,502,50628708,PRJEB61942,ISTITUTO EUROPEO DI ONCOLOGIA,public,"sra,run.zq,fastq","s3,ncbi,gs","ncbi.public,gs.us-east1,s3.us-east-1",2024-10-17,2024-10-17,ERX13230824,Illumina MiSeq,,PAIRED,PCR,METAGENOMIC,ILLUMINA,2024-10-17T00:00:00Z,2024-10-24T06:20:00Z,1,ERP147020,SAMEA116143059,30032890,2019,2024-10-17,Italy,Europe,Italy,Istituto Europeo di Oncologia,public,Homo sapiens,SAMEA116143059,FGP-009-16S_GU75,Homo sapiens,FGP-009-16S_GU75,human
ERR13828059,AMPLICON,502,39813620,PRJEB61942,ISTITUTO EUROPEO DI ONCOLOGIA,public,"run.zq,sra,fastq","ncbi,gs,s3","s3.us-east-1,gs.us-east1,ncbi.public",2024-10-17,2024-10-17,ERX13230825,Illumina MiSeq,,PAIRED,PCR,METAGENOMIC,ILLUMINA,2024-10-18T00:00:00Z,2024-10-24T03:23:00Z,1,ERP147020,SAMEA116143060,24758312,2018,2024-10-17,Italy,Europe,Italy,Istituto Europeo di Oncologia,public,Homo sapiens,SAMEA116143060,FGP-010-16S_GU76,Homo sapiens,FGP-010-16S_GU76,human
ERR13828060,AMPLICON,502,42854736,PRJEB61942,ISTITUTO EUROPEO DI ONCOLOGIA,public,"sra,run.zq,fastq","gs,s3,ncbi","gs.us-east1,s3.us-east-1,ncbi.public",2024-10-17,2024-10-17,ERX13230826,Illumina MiSeq,,PAIRED,PCR,METAGENOMIC,ILLUMINA,2024-10-17T00:00:00Z,2024-10-24T00:58:00Z,1,ERP147020,SAMEA116143061,25164976,2019,2024-10-17,Italy,Europe,Italy,Istituto Europeo di Oncologia,public,Homo sapiens,SAMEA116143061,FGP-011-16S_GU77,Homo sapiens,FGP-011-16S_GU77,human
ERR13828061,AMPLICON,502,55394194,PRJEB61942,ISTITUTO EUROPEO DI ONCOLOGIA,public,"fastq,sra,run.zq","s3,ncbi,gs","ncbi.public,gs.us-east1,s3.us-east-1",2024-10-17,2024-10-17,ERX13230827,Illumina MiSeq,,PAIRED,PCR,METAGENOMIC,ILLUMINA,2024-10-17T00:00:00Z,2024-10-24T01:01:00Z,1,ERP147020,SAMEA116143062,32232868,2019,2024-10-17,Italy,Europe,Italy,Istituto Europeo di Oncologia,public,Homo sapiens,SAMEA116143062,FGP-011-16S_GU78,Homo sapiens,FGP-011-16S_GU78,human
ERR13828062,AMPLICON,502,60457366,PRJEB61942,ISTITUTO EUROPEO DI ONCOLOGIA,public,"fastq,run.zq,sra","s3,ncbi,gs","gs.us-east1,ncbi.public,s3.us-east-1",2024-10-17,2024-10-17,ERX13230828,Illumina MiSeq,,PAIRED,PCR,METAGENOMIC,ILLUMINA,2024-10-17T00:00:00Z,2024-10-24T03:16:00Z,1,ERP147020,SAMEA116143063,35788999,2019,2024-10-17,Italy,Europe,Italy,Istituto Europeo di Oncologia,public,Homo sapiens,SAMEA116143063,FGP-011-16S_GU79,Homo sapiens,FGP-011-16S_GU79,human
ERR13828063,AMPLICON,502,45718646,PRJEB61942,ISTITUTO EUROPEO DI ONCOLOGIA,public,"fastq,run.zq,sra","s3,gs,ncbi","gs.us-east1,ncbi.public,s3.us-east-1",2024-10-17,2024-10-17,ERX13230829,Illumina MiSeq,,PAIRED,PCR,METAGENOMIC,ILLUMINA,2024-10-17T00:00:00Z,2024-10-24T06:21:00Z,1,ERP147020,SAMEA116143064,27063300,2019,2024-10-17,Italy,Europe,Italy,Istituto Europeo di Oncologia,public,Homo sapiens,SAMEA116143064,FGP-011-16S_GU80,Homo sapiens,FGP-011-16S_GU80,human
ERR13828064,AMPLICON,502,49165880,PRJEB61942,ISTITUTO EUROPEO DI ONCOLOGIA,public,"fastq,run.zq,sra","ncbi,s3,gs","ncbi.public,gs.us-east1,s3.us-east-1",2024-10-17,2024-10-17,ERX13230830,Illumina MiSeq,,PAIRED,PCR,METAGENOMIC,ILLUMINA,2024-10-18T00:00:00Z,2024-10-24T03:20:00Z,1,ERP147020,SAMEA116143065,29100427,2019,2024-10-17,Italy,Europe,Italy,Istituto Europeo di Oncologia,public,Homo sapiens,SAMEA116143065,FGP-011-16S_GU81,Homo sapiens,FGP-011-16S_GU81,human
ERR13828065,AMPLICON,502,51596564,PRJEB61942,ISTITUTO EUROPEO DI ONCOLOGIA,public,"run.zq,sra,fastq","gs,s3,ncbi","gs.us-east1,s3.us-east-1,ncbi.public",2024-10-17,2024-10-17,ERX13230831,Illumina MiSeq,,PAIRED,PCR,METAGENOMIC,ILLUMINA,2024-10-17T00:00:00Z,2024-10-24T05:18:00Z,1,ERP147020,SAMEA116143066,30667402,2019,2024-10-17,Italy,Europe,Italy,Istituto Europeo di Oncologia,public,Homo sapiens,SAMEA116143066,FGP-011-16S_GU82,Homo sapiens,FGP-011-16S_GU82,human
ERR13828066,AMPLICON,502,79175942,PRJEB61942,ISTITUTO EUROPEO DI ONCOLOGIA,public,"sra,fastq,run.zq","s3,ncbi,gs","ncbi.public,s3.us-east-1,gs.us-east1",2024-10-17,2024-10-17,ERX13230832,Illumina MiSeq,,PAIRED,PCR,METAGENOMIC,ILLUMINA,2024-10-18T00:00:00Z,2024-10-24T03:24:00Z,1,ERP147020,SAMEA116143067,47007601,2020,2024-10-17,Italy,Europe,Italy,Istituto Europeo di Oncologia,public,Homo sapiens,SAMEA116143067,FGP-011-16S_GU83,Homo sapiens,FGP-011-16S_GU83,human
ERR13828067,AMPLICON,502,35817700,PRJEB61942,ISTITUTO EUROPEO DI ONCOLOGIA,public,"fastq,run.zq,sra","gs,s3,ncbi","ncbi.public,s3.us-east-1,gs.us-east1",2024-10-17,2024-10-17,ERX13230833,Illumina MiSeq,,PAIRED,PCR,METAGENOMIC,ILLUMINA,2024-10-17T00:00:00Z,2024-10-24T06:21:00Z,1,ERP147020,SAMEA116143068,21840863,2019,2024-10-17,Italy,Europe,Italy,Istituto Europeo di Oncologia,public,Homo sapiens,SAMEA116143068,FGP-013-16S_GU84,Homo sapiens,FGP-013-16S_GU84,human
ERR13828068,AMPLICON,502,56450904,PRJEB61942,ISTITUTO EUROPEO DI ONCOLOGIA,public,"fastq,run.zq,sra","gs,ncbi,s3","s3.us-east-1,ncbi.public,gs.us-east1",2024-10-17,2024-10-17,ERX13230834,Illumina MiSeq,,PAIRED,PCR,METAGENOMIC,ILLUMINA,2024-10-17T00:00:00Z,2024-10-24T01:00:00Z,1,ERP147020,SAMEA116143069,32498617,2019,2024-10-17,Italy,Europe,Italy,Istituto Europeo di Oncologia,public,Homo sapiens,SAMEA116143069,FGP-014-16S_GU85,Homo sapiens,FGP-014-16S_GU85,human
ERR13828069,AMPLICON,502,46939510,PRJEB61942,ISTITUTO EUROPEO DI ONCOLOGIA,public,"run.zq,sra,fastq","ncbi,gs,s3","s3.us-east-1,ncbi.public,gs.us-east1",2024-10-17,2024-10-17,ERX13230835,Illumina MiSeq,,PAIRED,PCR,METAGENOMIC,ILLUMINA,2024-10-18T00:00:00Z,2024-10-24T03:21:00Z,1,ERP147020,SAMEA116143070,27277823,2019,2024-10-17,Italy,Europe,Italy,Istituto Europeo di Oncologia,public,Homo sapiens,SAMEA116143070,FGP-014-16S_GU86,Homo sapiens,FGP-014-16S_GU86,human
ERR13877920,WGS,295,9309387822,PRJEB61942,ISTITUTO EUROPEO DI ONCOLOGIA,public,"fastq,run.zq,sra","ncbi,s3,gs","s3.us-east-1,ncbi.public,gs.us-east1",2024-10-23,2024-10-23,ERX13281735,Illumina NovaSeq 6000,,PAIRED,RANDOM,METAGENOMIC,ILLUMINA,2024-10-24T00:00:00Z,2024-10-27T06:55:00Z,1,ERP147020,SAMEA116143072,3281740517,2018,2024-10-23,Italy,Europe,Italy,Istituto Europeo di Oncologia,public,human gut metagenome,SAMEA116143072,IEO-002-WGS_1145,human gut metagenome,IEO-002-WGS_1145,
ERR13877923,WGS,294,9120130658,PRJEB61942,ISTITUTO EUROPEO DI ONCOLOGIA,public,"fastq,sra,run.zq","s3,gs,ncbi","s3.us-east-1,gs.us-east1,ncbi.public",2024-10-23,2024-10-23,ERX13281738,Illumina NovaSeq 6000,,PAIRED,RANDOM,METAGENOMIC,ILLUMINA,2024-10-24T00:00:00Z,2024-10-27T06:41:00Z,1,ERP147020,SAMEA116143075,3244916959,2018,2024-10-23,Italy,Europe,Italy,Istituto Europeo di Oncologia,public,human gut metagenome,SAMEA116143075,IEO-002-WGS_1602,human gut metagenome,IEO-002-WGS_1602,
ERR13877927,WGS,295,8658145929,PRJEB61942,ISTITUTO EUROPEO DI ONCOLOGIA,public,"sra,fastq,run.zq","s3,ncbi,gs","s3.us-east-1,gs.us-east1,ncbi.public",2024-10-23,2024-10-23,ERX13281742,Illumina NovaSeq 6000,,PAIRED,RANDOM,METAGENOMIC,ILLUMINA,2024-10-24T00:00:00Z,2024-10-27T06:39:00Z,1,ERP147020,SAMEA116143079,3057808360,2018,2024-10-23,Italy,Europe,Italy,Istituto Europeo di Oncologia,public,human gut metagenome,SAMEA116143079,IEO-004-WGS_1613,human gut metagenome,IEO-004-WGS_1613,
ERR13877930,WGS,290,7070646355,PRJEB61942,ISTITUTO EUROPEO DI ONCOLOGIA,public,"fastq,run.zq,sra","ncbi,s3,gs","ncbi.public,s3.us-east-1,gs.us-east1",2024-10-23,2024-10-23,ERX13281745,Illumina NovaSeq 6000,,PAIRED,RANDOM,METAGENOMIC,ILLUMINA,2024-10-24T00:00:00Z,2024-10-27T16:51:00Z,1,ERP147020,SAMEA116143082,2506423916,2018,2024-10-23,Italy,Europe,Italy,Istituto Europeo di Oncologia,public,human gut metagenome,SAMEA116143082,IEO-009-WGS_1620,human gut metagenome,IEO-009-WGS_1620,
ERR13877932,WGS,295,9335144118,PRJEB61942,ISTITUTO EUROPEO DI ONCOLOGIA,public,"run.zq,sra,fastq","ncbi,s3,gs","s3.us-east-1,ncbi.public,gs.us-east1",2024-10-23,2024-10-23,ERX13281747,Illumina NovaSeq 6000,,PAIRED,RANDOM,METAGENOMIC,ILLUMINA,2024-10-24T00:00:00Z,2024-10-27T06:46:00Z,1,ERP147020,SAMEA116143084,3297207386,2018,2024-10-23,Italy,Europe,Italy,Istituto Europeo di Oncologia,public,human gut metagenome,SAMEA116143084,IEO-002-WGS_1628,human gut metagenome,IEO-002-WGS_1628,
ERR13877933,WGS,292,7489575269,PRJEB61942,ISTITUTO EUROPEO DI ONCOLOGIA,public,"run.zq,fastq,sra","gs,s3,ncbi","ncbi.public,gs.us-east1,s3.us-east-1",2024-10-23,2024-10-23,ERX13281748,Illumina NovaSeq 6000,,PAIRED,RANDOM,METAGENOMIC,ILLUMINA,2024-10-24T00:00:00Z,2024-10-27T06:57:00Z,1,ERP147020,SAMEA116143085,2651976068,2018,2024-10-23,Italy,Europe,Italy,Istituto Europeo di Oncologia,public,human gut metagenome,SAMEA116143085,IEO-001-WGS_1629,human gut metagenome,IEO-001-WGS_1629,
ERR13877937,WGS,294,8200589464,PRJEB61942,ISTITUTO EUROPEO DI ONCOLOGIA,public,"fastq,sra,run.zq","gs,ncbi,s3","ncbi.public,s3.us-east-1,gs.us-east1",2024-10-23,2024-10-23,ERX13281752,Illumina NovaSeq 6000,,PAIRED,RANDOM,METAGENOMIC,ILLUMINA,2024-10-24T00:00:00Z,2024-10-27T06:46:00Z,1,ERP147020,SAMEA116143089,2915921846,2018,2024-10-23,Italy,Europe,Italy,Istituto Europeo di Oncologia,public,human gut metagenome,SAMEA116143089,IEO-001-WGS_1646,human gut metagenome,IEO-001-WGS_1646,
ERR13877939,WGS,288,12991694089,PRJEB61942,ISTITUTO EUROPEO DI ONCOLOGIA,public,"fastq,run.zq,sra","gs,s3,ncbi","gs.us-east1,ncbi.public,s3.us-east-1",2024-10-23,2024-10-23,ERX13281754,Illumina NovaSeq 6000,,PAIRED,RANDOM,METAGENOMIC,ILLUMINA,2024-10-24T00:00:00Z,2024-10-27T04:52:00Z,1,ERP147020,SAMEA116143091,4620099635,2019,2024-10-23,Italy,Europe,Italy,Istituto Europeo di Oncologia,public,human gut metagenome,SAMEA116143091,IEO-001-WGS_1670,human gut metagenome,IEO-001-WGS_1670,
ERR13877941,WGS,296,11493658059,PRJEB61942,ISTITUTO EUROPEO DI ONCOLOGIA,public,"sra,run.zq,fastq","ncbi,gs,s3","ncbi.public,gs.us-east1,s3.us-east-1",2024-10-23,2024-10-23,ERX13281756,Illumina NovaSeq 6000,,PAIRED,RANDOM,METAGENOMIC,ILLUMINA,2024-10-24T00:00:00Z,2024-10-27T07:13:00Z,1,ERP147020,SAMEA116143093,4091608389,2019,2024-10-23,Italy,Europe,Italy,Istituto Europeo di Oncologia,public,human gut metagenome,SAMEA116143093,IEO-002-WGS_1681,human gut metagenome,IEO-002-WGS_1681,
ERR13877943,WGS,294,6753795413,PRJEB61942,ISTITUTO EUROPEO DI ONCOLOGIA,public,"run.zq,fastq,sra","ncbi,gs,s3","gs.us-east1,ncbi.public,s3.us-east-1",2024-10-23,2024-10-23,ERX13281758,Illumina NovaSeq 6000,,PAIRED,RANDOM,METAGENOMIC,ILLUMINA,2024-10-24T00:00:00Z,2024-10-27T06:51:00Z,1,ERP147020,SAMEA116143095,2447241006,2019,2024-10-23,Italy,Europe,Italy,Istituto Europeo di Oncologia,public,human gut metagenome,SAMEA116143095,IEO-002-WGS_1694,human gut metagenome,IEO-002-WGS_1694,
ERR13877945,WGS,297,8148762925,PRJEB61942,ISTITUTO EUROPEO DI ONCOLOGIA,public,"sra,run.zq,fastq","gs,s3,ncbi","ncbi.public,gs.us-east1,s3.us-east-1",2024-10-23,2024-10-23,ERX13281760,Illumina NovaSeq 6000,,PAIRED,RANDOM,METAGENOMIC,ILLUMINA,2024-10-24T00:00:00Z,2024-10-27T06:58:00Z,1,ERP147020,SAMEA116143097,2944836805,2018,2024-10-23,Italy,Europe,Italy,Istituto Europeo di Oncologia,public,human gut metagenome,SAMEA116143097,FGP-001-WGS_GU38,human gut metagenome,FGP-001-WGS_GU38,
ERR13877946,WGS,297,7896539451,PRJEB61942,ISTITUTO EUROPEO DI ONCOLOGIA,public,"sra,fastq,run.zq","gs,ncbi,s3","gs.us-east1,ncbi.public,s3.us-east-1",2024-10-23,2024-10-23,ERX13281761,Illumina NovaSeq 6000,,PAIRED,RANDOM,METAGENOMIC,ILLUMINA,2024-10-24T00:00:00Z,2024-10-27T16:50:00Z,1,ERP147020,SAMEA116143098,2844567935,2018,2024-10-23,Italy,Europe,Italy,Istituto Europeo di Oncologia,public,human gut metagenome,SAMEA116143098,FGP-001-WGS_GU39,human gut metagenome,FGP-001-WGS_GU39,
ERR13877947,WGS,297,9021261953,PRJEB61942,ISTITUTO EUROPEO DI ONCOLOGIA,public,"run.zq,fastq,sra","s3,gs,ncbi","s3.us-east-1,ncbi.public,gs.us-east1",2024-10-23,2024-10-23,ERX13281762,Illumina NovaSeq 6000,,PAIRED,RANDOM,METAGENOMIC,ILLUMINA,2024-10-24T00:00:00Z,2024-10-27T06:54:00Z,1,ERP147020,SAMEA116143099,3287802862,2018,2024-10-23,Italy,Europe,Italy,Istituto Europeo di Oncologia,public,human gut metagenome,SAMEA116143099,FGP-001-WGS_GU40,human gut metagenome,FGP-001-WGS_GU40,
ERR13877948,WGS,297,6978517594,PRJEB61942,ISTITUTO EUROPEO DI ONCOLOGIA,public,"sra,run.zq,fastq","s3,ncbi,gs","ncbi.public,gs.us-east1,s3.us-east-1",2024-10-23,2024-10-23,ERX13281763,Illumina NovaSeq 6000,,PAIRED,RANDOM,METAGENOMIC,ILLUMINA,2024-10-24T00:00:00Z,2024-10-27T06:39:00Z,1,ERP147020,SAMEA116143100,2507772861,2019,2024-10-23,Italy,Europe,Italy,Istituto Europeo di Oncologia,public,human gut metagenome,SAMEA116143100,FGP-001-WGS_GU41,human gut metagenome,FGP-001-WGS_GU41,
ERR13877950,WGS,297,10581623880,PRJEB61942,ISTITUTO EUROPEO DI ONCOLOGIA,public,"sra,fastq,run.zq","s3,ncbi,gs","s3.us-east-1,ncbi.public,gs.us-east1",2024-10-23,2024-10-23,ERX13281765,Illumina NovaSeq 6000,,PAIRED,RANDOM,METAGENOMIC,ILLUMINA,2024-10-24T00:00:00Z,2024-10-27T07:02:00Z,1,ERP147020,SAMEA116143102,3768122472,2018,2024-10-23,Italy,Europe,Italy,Istituto Europeo di Oncologia,public,human gut metagenome,SAMEA116143102,FGP-002-WGS_GU47,human gut metagenome,FGP-002-WGS_GU47,
ERR13877954,WGS,297,7940030232,PRJEB61942,ISTITUTO EUROPEO DI ONCOLOGIA,public,"sra,fastq,run.zq","gs,s3,ncbi","s3.us-east-1,gs.us-east1,ncbi.public",2024-10-23,2024-10-23,ERX13281769,Illumina NovaSeq 6000,,PAIRED,RANDOM,METAGENOMIC,ILLUMINA,2024-10-24T00:00:00Z,2024-10-27T06:36:00Z,1,ERP147020,SAMEA116143106,2830733480,2018,2024-10-23,Italy,Europe,Italy,Istituto Europeo di Oncologia,public,human gut metagenome,SAMEA116143106,FGP-002-WGS_GU51,human gut metagenome,FGP-002-WGS_GU51,
ERR13877955,WGS,296,8368154141,PRJEB61942,ISTITUTO EUROPEO DI ONCOLOGIA,public,"sra,run.zq,fastq","gs,ncbi,s3","s3.us-east-1,ncbi.public,gs.us-east1",2024-10-23,2024-10-23,ERX13281770,Illumina NovaSeq 6000,,PAIRED,RANDOM,METAGENOMIC,ILLUMINA,2024-10-24T00:00:00Z,2024-10-27T06:48:00Z,1,ERP147020,SAMEA116143107,2951162809,2019,2024-10-23,Italy,Europe,Italy,Istituto Europeo di Oncologia,public,human gut metagenome,SAMEA116143107,FGP-002-WGS_GU52,human gut metagenome,FGP-002-WGS_GU52,
ERR13877957,WGS,294,10995187320,PRJEB61942,ISTITUTO EUROPEO DI ONCOLOGIA,public,"fastq,sra,run.zq","s3,gs,ncbi","gs.us-east1,s3.us-east-1,ncbi.public",2024-10-23,2024-10-23,ERX13281772,Illumina NovaSeq 6000,,PAIRED,RANDOM,METAGENOMIC,ILLUMINA,2024-10-24T00:00:00Z,2024-10-27T07:08:00Z,1,ERP147020,SAMEA116143109,3896572157,2018,2024-10-23,Italy,Europe,Italy,Istituto Europeo di Oncologia,public,human gut metagenome,SAMEA116143109,FGP-006-WGS_GU57,human gut metagenome,FGP-006-WGS_GU57,
ERR13877959,WGS,295,5959610315,PRJEB61942,ISTITUTO EUROPEO DI ONCOLOGIA,public,"sra,run.zq,fastq","ncbi,gs,s3","gs.us-east1,ncbi.public,s3.us-east-1",2024-10-23,2024-10-23,ERX13281774,Illumina NovaSeq 6000,,PAIRED,RANDOM,METAGENOMIC,ILLUMINA,2024-10-24T00:00:00Z,2024-10-27T04:40:00Z,1,ERP147020,SAMEA116143111,2096625034,2018,2024-10-23,Italy,Europe,Italy,Istituto Europeo di Oncologia,public,human gut metagenome,SAMEA116143111,FGP-006-WGS_GU59,human gut metagenome,FGP-006-WGS_GU59,
ERR13827991,AMPLICON,500,43563500,PRJEB61942,ISTITUTO EUROPEO DI ONCOLOGIA,public,"fastq,sra,run.zq","ncbi,s3,gs","ncbi.public,s3.us-east-1,gs.us-east1",2024-10-19,2024-10-19,ERX13230757,Illumina MiSeq,,PAIRED,PCR,METAGENOMIC,ILLUMINA,2024-10-19T00:00:00Z,2024-10-23T03:06:00Z,1,ERP147020,SAMEA116142992,24401781,2018,2024-10-19,Italy,Europe,Italy,Istituto Europeo di Oncologia,public,Homo sapiens,SAMEA116142992,IEO-005-16S_1606,Homo sapiens,IEO-005-16S_1606,human
ERR13828041,AMPLICON,502,41953646,PRJEB61942,ISTITUTO EUROPEO DI ONCOLOGIA,public,"sra,run.zq,fastq","ncbi,s3,gs","gs.us-east1,s3.us-east-1,ncbi.public",2024-10-19,2024-10-19,ERX13230807,Illumina MiSeq,,PAIRED,PCR,METAGENOMIC,ILLUMINA,2024-10-19T00:00:00Z,2024-10-23T03:06:00Z,1,ERP147020,SAMEA116143042,23968686,2019,2024-10-19,Italy,Europe,Italy,Istituto Europeo di Oncologia,public,Homo sapiens,SAMEA116143042,FGP-002-16S_GU52,Homo sapiens,FGP-002-16S_GU52,human
ERR13828055,AMPLICON,502,49821492,PRJEB61942,ISTITUTO EUROPEO DI ONCOLOGIA,public,"sra,fastq,run.zq","ncbi,gs,s3","s3.us-east-1,gs.us-east1,ncbi.public",2024-10-19,2024-10-19,ERX13230821,Illumina MiSeq,,PAIRED,PCR,METAGENOMIC,ILLUMINA,2024-10-19T00:00:00Z,2024-10-23T03:07:00Z,1,ERP147020,SAMEA116143056,29257113,2019,2024-10-19,Italy,Europe,Italy,Istituto Europeo di Oncologia,public,Homo sapiens,SAMEA116143056,FGP-009-16S_GU72,Homo sapiens,FGP-009-16S_GU72,human
ERR13827983,AMPLICON,500,20036041,PRJEB61942,ISTITUTO EUROPEO DI ONCOLOGIA,public,"sra,fastq,run.zq","ncbi,s3,gs","s3.us-east-1,ncbi.public,gs.us-east1",2024-11-12,2024-11-12,ERX13230749,Illumina MiSeq,,PAIRED,PCR,METAGENOMIC,ILLUMINA,2024-11-13T00:00:00Z,2024-11-16T17:01:00Z,1,ERP147020,SAMEA116142984,11411754,2018,2024-11-11,Italy,Europe,Italy,Istituto Europeo di Oncologia,public,Homo sapiens,SAMEA116142984,IEO-002-16S_1601,Homo sapiens,IEO-002-16S_1601,human
ERR13877919,WGS,294,6736538852,PRJEB61942,ISTITUTO EUROPEO DI ONCOLOGIA,public,"fastq,run.zq,sra","ncbi,gs,s3","s3.us-east-1,ncbi.public,gs.us-east1",2024-10-23,2024-10-23,ERX13281734,Illumina NovaSeq 6000,,PAIRED,RANDOM,METAGENOMIC,ILLUMINA,2024-10-24T00:00:00Z,2024-10-27T16:50:00Z,1,ERP147020,SAMEA116143071,2379025210,2018,2024-10-23,Italy,Europe,Italy,Istituto Europeo di Oncologia,public,human gut metagenome,SAMEA116143071,IEO-001-WGS_1144,human gut metagenome,IEO-001-WGS_1144,
ERR13877921,WGS,293,7868201985,PRJEB61942,ISTITUTO EUROPEO DI ONCOLOGIA,public,"run.zq,sra,fastq","ncbi,gs,s3","s3.us-east-1,ncbi.public,gs.us-east1",2024-10-23,2024-10-23,ERX13281736,Illumina NovaSeq 6000,,PAIRED,RANDOM,METAGENOMIC,ILLUMINA,2024-10-23T00:00:00Z,2024-10-27T01:51:00Z,1,ERP147020,SAMEA116143073,2777253279,2018,2024-10-23,Italy,Europe,Italy,Istituto Europeo di Oncologia,public,human gut metagenome,SAMEA116143073,IEO-001-WGS_1600,human gut metagenome,IEO-001-WGS_1600,
ERR13877922,WGS,294,8684806257,PRJEB61942,ISTITUTO EUROPEO DI ONCOLOGIA,public,"run.zq,fastq,sra","gs,ncbi,s3","gs.us-east1,s3.us-east-1,ncbi.public",2024-10-23,2024-10-23,ERX13281737,Illumina NovaSeq 6000,,PAIRED,RANDOM,METAGENOMIC,ILLUMINA,2024-10-23T00:00:00Z,2024-10-27T01:57:00Z,1,ERP147020,SAMEA116143074,3138345033,2018,2024-10-23,Italy,Europe,Italy,Istituto Europeo di Oncologia,public,human gut metagenome,SAMEA116143074,IEO-002-WGS_1601,human gut metagenome,IEO-002-WGS_1601,
ERR13877924,WGS,292,6847308749,PRJEB61942,ISTITUTO EUROPEO DI ONCOLOGIA,public,"sra,fastq,run.zq","ncbi,s3,gs","s3.us-east-1,gs.us-east1,ncbi.public",2024-10-23,2024-10-23,ERX13281739,Illumina NovaSeq 6000,,PAIRED,RANDOM,METAGENOMIC,ILLUMINA,2024-10-23T00:00:00Z,2024-10-27T01:43:00Z,1,ERP147020,SAMEA116143076,2442653491,2018,2024-10-23,Italy,Europe,Italy,Istituto Europeo di Oncologia,public,human gut metagenome,SAMEA116143076,IEO-001-WGS_1603,human gut metagenome,IEO-001-WGS_1603,
ERR13877925,WGS,295,8410021704,PRJEB61942,ISTITUTO EUROPEO DI ONCOLOGIA,public,"sra,fastq,run.zq","gs,s3,ncbi","gs.us-east1,ncbi.public,s3.us-east-1",2024-10-23,2024-10-23,ERX13281740,Illumina NovaSeq 6000,,PAIRED,RANDOM,METAGENOMIC,ILLUMINA,2024-10-24T00:00:00Z,2024-10-27T03:19:00Z,1,ERP147020,SAMEA116143077,2977314121,2018,2024-10-23,Italy,Europe,Italy,Istituto Europeo di Oncologia,public,human gut metagenome,SAMEA116143077,IEO-004-WGS_1605,human gut metagenome,IEO-004-WGS_1605,
ERR13877926,WGS,293,7761740803,PRJEB61942,ISTITUTO EUROPEO DI ONCOLOGIA,public,"sra,run.zq,fastq","s3,ncbi,gs","gs.us-east1,s3.us-east-1,ncbi.public",2024-10-23,2024-10-23,ERX13281741,Illumina NovaSeq 6000,,PAIRED,RANDOM,METAGENOMIC,ILLUMINA,2024-10-23T00:00:00Z,2024-10-27T01:59:00Z,1,ERP147020,SAMEA116143078,2787472766,2018,2024-10-23,Italy,Europe,Italy,Istituto Europeo di Oncologia,public,human gut metagenome,SAMEA116143078,IEO-009-WGS_1611,human gut metagenome,IEO-009-WGS_1611,
ERR13877928,WGS,285,9965917200,PRJEB61942,ISTITUTO EUROPEO DI ONCOLOGIA,public,"run.zq,fastq,sra","ncbi,s3,gs","gs.us-east1,ncbi.public,s3.us-east-1",2024-10-23,2024-10-23,ERX13281743,Illumina NovaSeq 6000,,PAIRED,RANDOM,METAGENOMIC,ILLUMINA,2024-10-23T00:00:00Z,2024-10-27T02:02:00Z,1,ERP147020,SAMEA116143080,3561653279,2018,2024-10-23,Italy,Europe,Italy,Istituto Europeo di Oncologia,public,human gut metagenome,SAMEA116143080,IEO-001-WGS_1614,human gut metagenome,IEO-001-WGS_1614,
ERR13877929,WGS,294,8199046098,PRJEB61942,ISTITUTO EUROPEO DI ONCOLOGIA,public,"run.zq,fastq,sra","gs,ncbi,s3","gs.us-east1,ncbi.public,s3.us-east-1",2024-10-23,2024-10-23,ERX13281744,Illumina NovaSeq 6000,,PAIRED,RANDOM,METAGENOMIC,ILLUMINA,2024-10-23T00:00:00Z,2024-10-27T03:06:00Z,1,ERP147020,SAMEA116143081,2956064734,2018,2024-10-23,Italy,Europe,Italy,Istituto Europeo di Oncologia,public,human gut metagenome,SAMEA116143081,IEO-004-WGS_1619,human gut metagenome,IEO-004-WGS_1619,
ERR13877931,WGS,295,11241702059,PRJEB61942,ISTITUTO EUROPEO DI ONCOLOGIA,public,"run.zq,fastq,sra","ncbi,s3,gs","s3.us-east-1,gs.us-east1,ncbi.public",2024-10-23,2024-10-23,ERX13281746,Illumina NovaSeq 6000,,PAIRED,RANDOM,METAGENOMIC,ILLUMINA,2024-10-24T00:00:00Z,2024-10-27T03:14:00Z,1,ERP147020,SAMEA116143083,4028733553,2018,2024-10-23,Italy,Europe,Italy,Istituto Europeo di Oncologia,public,human gut metagenome,SAMEA116143083,IEO-004-WGS_1623,human gut metagenome,IEO-004-WGS_1623,
ERR13877934,WGS,294,7625051926,PRJEB61942,ISTITUTO EUROPEO DI ONCOLOGIA,public,"fastq,run.zq,sra","gs,s3,ncbi","gs.us-east1,ncbi.public,s3.us-east-1",2024-10-23,2024-10-23,ERX13281749,Illumina NovaSeq 6000,,PAIRED,RANDOM,METAGENOMIC,ILLUMINA,2024-10-23T00:00:00Z,2024-10-27T01:58:00Z,1,ERP147020,SAMEA116143086,2683881493,2018,2024-10-23,Italy,Europe,Italy,Istituto Europeo di Oncologia,public,human gut metagenome,SAMEA116143086,IEO-009-WGS_1632,human gut metagenome,IEO-009-WGS_1632,
ERR13877935,WGS,296,13447095397,PRJEB61942,ISTITUTO EUROPEO DI ONCOLOGIA,public,"run.zq,fastq,sra","ncbi,s3,gs","ncbi.public,gs.us-east1,s3.us-east-1",2024-10-23,2024-10-23,ERX13281750,Illumina NovaSeq 6000,,PAIRED,RANDOM,METAGENOMIC,ILLUMINA,2024-10-23T00:00:00Z,2024-10-27T03:22:00Z,1,ERP147020,SAMEA116143087,4795265672,2018,2024-10-23,Italy,Europe,Italy,Istituto Europeo di Oncologia,public,human gut metagenome,SAMEA116143087,IEO-001-WGS_1634,human gut metagenome,IEO-001-WGS_1634,
ERR13877936,WGS,295,7565859478,PRJEB61942,ISTITUTO EUROPEO DI ONCOLOGIA,public,"fastq,run.zq,sra","ncbi,gs,s3","gs.us-east1,s3.us-east-1,ncbi.public",2024-10-23,2024-10-23,ERX13281751,Illumina NovaSeq 6000,,PAIRED,RANDOM,METAGENOMIC,ILLUMINA,2024-10-23T00:00:00Z,2024-10-27T03:12:00Z,1,ERP147020,SAMEA116143088,2690565003,2018,2024-10-23,Italy,Europe,Italy,Istituto Europeo di Oncologia,public,human gut metagenome,SAMEA116143088,IEO-002-WGS_1635,human gut metagenome,IEO-002-WGS_1635,
ERR13877938,WGS,294,10694731642,PRJEB61942,ISTITUTO EUROPEO DI ONCOLOGIA,public,"fastq,sra,run.zq","s3,gs,ncbi","gs.us-east1,s3.us-east-1,ncbi.public",2024-10-23,2024-10-23,ERX13281753,Illumina NovaSeq 6000,,PAIRED,RANDOM,METAGENOMIC,ILLUMINA,2024-10-24T00:00:00Z,2024-10-27T04:47:00Z,1,ERP147020,SAMEA116143090,3776753684,2018,2024-10-23,Italy,Europe,Italy,Istituto Europeo di Oncologia,public,human gut metagenome,SAMEA116143090,IEO-004-WGS_1649,human gut metagenome,IEO-004-WGS_1649,
ERR13877940,WGS,296,11951387873,PRJEB61942,ISTITUTO EUROPEO DI ONCOLOGIA,public,"run.zq,fastq,sra","s3,ncbi,gs","ncbi.public,gs.us-east1,s3.us-east-1",2024-10-23,2024-10-23,ERX13281755,Illumina NovaSeq 6000,,PAIRED,RANDOM,METAGENOMIC,ILLUMINA,2024-10-24T00:00:00Z,2024-10-27T05:05:00Z,1,ERP147020,SAMEA116143092,4243710938,2019,2024-10-23,Italy,Europe,Italy,Istituto Europeo di Oncologia,public,human gut metagenome,SAMEA116143092,IEO-002-WGS_1672,human gut metagenome,IEO-002-WGS_1672,
ERR13877942,WGS,292,8858500473,PRJEB61942,ISTITUTO EUROPEO DI ONCOLOGIA,public,"fastq,sra,run.zq","ncbi,s3,gs","s3.us-east-1,gs.us-east1,ncbi.public",2024-10-23,2024-10-23,ERX13281757,Illumina NovaSeq 6000,,PAIRED,RANDOM,METAGENOMIC,ILLUMINA,2024-10-24T00:00:00Z,2024-10-27T04:50:00Z,1,ERP147020,SAMEA116143094,3159360016,2019,2024-10-23,Italy,Europe,Italy,Istituto Europeo di Oncologia,public,human gut metagenome,SAMEA116143094,IEO-001-WGS_1682,human gut metagenome,IEO-001-WGS_1682,
ERR13877944,WGS,297,8148501374,PRJEB61942,ISTITUTO EUROPEO DI ONCOLOGIA,public,"fastq,sra,run.zq","gs,s3,ncbi","gs.us-east1,s3.us-east-1,ncbi.public",2024-10-23,2024-10-23,ERX13281759,Illumina NovaSeq 6000,,PAIRED,RANDOM,METAGENOMIC,ILLUMINA,2024-10-24T00:00:00Z,2024-10-27T04:37:00Z,1,ERP147020,SAMEA116143096,2921131103,2018,2024-10-23,Italy,Europe,Italy,Istituto Europeo di Oncologia,public,human gut metagenome,SAMEA116143096,FGP-001-WGS_GU37,human gut metagenome,FGP-001-WGS_GU37,
ERR13877949,WGS,297,8762269175,PRJEB61942,ISTITUTO EUROPEO DI ONCOLOGIA,public,"sra,fastq,run.zq","gs,ncbi,s3","gs.us-east1,ncbi.public,s3.us-east-1",2024-10-23,2024-10-23,ERX13281764,Illumina NovaSeq 6000,,PAIRED,RANDOM,METAGENOMIC,ILLUMINA,2024-10-24T00:00:00Z,2024-10-27T04:38:00Z,1,ERP147020,SAMEA116143101,3144052157,2019,2024-10-23,Italy,Europe,Italy,Istituto Europeo di Oncologia,public,human gut metagenome,SAMEA116143101,FGP-001-WGS_GU42,human gut metagenome,FGP-001-WGS_GU42,
ERR13877951,WGS,297,9523751243,PRJEB61942,ISTITUTO EUROPEO DI ONCOLOGIA,public,"sra,fastq,run.zq","s3,gs,ncbi","ncbi.public,s3.us-east-1,gs.us-east1",2024-10-23,2024-10-23,ERX13281766,Illumina NovaSeq 6000,,PAIRED,RANDOM,METAGENOMIC,ILLUMINA,2024-10-24T00:00:00Z,2024-10-27T03:20:00Z,1,ERP147020,SAMEA116143103,3387707848,2018,2024-10-23,Italy,Europe,Italy,Istituto Europeo di Oncologia,public,human gut metagenome,SAMEA116143103,FGP-002-WGS_GU48,human gut metagenome,FGP-002-WGS_GU48,
ERR13877952,WGS,297,9014607731,PRJEB61942,ISTITUTO EUROPEO DI ONCOLOGIA,public,"fastq,sra,run.zq","gs,ncbi,s3","gs.us-east1,s3.us-east-1,ncbi.public",2024-10-23,2024-10-23,ERX13281767,Illumina NovaSeq 6000,,PAIRED,RANDOM,METAGENOMIC,ILLUMINA,2024-10-24T00:00:00Z,2024-10-27T07:00:00Z,1,ERP147020,SAMEA116143104,3234769445,2018,2024-10-23,Italy,Europe,Italy,Istituto Europeo di Oncologia,public,human gut metagenome,SAMEA116143104,FGP-002-WGS_GU49,human gut metagenome,FGP-002-WGS_GU49,
ERR13877953,WGS,295,11619248234,PRJEB61942,ISTITUTO EUROPEO DI ONCOLOGIA,public,"run.zq,fastq,sra","s3,gs,ncbi","gs.us-east1,s3.us-east-1,ncbi.public",2024-10-23,2024-10-23,ERX13281768,Illumina NovaSeq 6000,,PAIRED,RANDOM,METAGENOMIC,ILLUMINA,2024-10-23T00:00:00Z,2024-10-27T01:54:00Z,1,ERP147020,SAMEA116143105,4120969796,2018,2024-10-23,Italy,Europe,Italy,Istituto Europeo di Oncologia,public,human gut metagenome,SAMEA116143105,FGP-002-WGS_GU50,human gut metagenome,FGP-002-WGS_GU50,
ERR13877956,WGS,296,11649112403,PRJEB61942,ISTITUTO EUROPEO DI ONCOLOGIA,public,"fastq,sra,run.zq","ncbi,s3,gs","ncbi.public,s3.us-east-1,gs.us-east1",2024-10-23,2024-10-23,ERX13281771,Illumina NovaSeq 6000,,PAIRED,RANDOM,METAGENOMIC,ILLUMINA,2024-10-23T00:00:00Z,2024-10-27T02:17:00Z,1,ERP147020,SAMEA116143108,4149134316,2018,2024-10-23,Italy,Europe,Italy,Istituto Europeo di Oncologia,public,human gut metagenome,SAMEA116143108,FGP-005-WGS_GU56,human gut metagenome,FGP-005-WGS_GU56,
ERR13877958,WGS,296,9368153031,PRJEB61942,ISTITUTO EUROPEO DI ONCOLOGIA,public,"sra,fastq,run.zq","s3,ncbi,gs","ncbi.public,gs.us-east1,s3.us-east-1",2024-10-23,2024-10-23,ERX13281773,Illumina NovaSeq 6000,,PAIRED,RANDOM,METAGENOMIC,ILLUMINA,2024-10-23T00:00:00Z,2024-10-27T02:14:00Z,1,ERP147020,SAMEA116143110,3338742625,2018,2024-10-23,Italy,Europe,Italy,Istituto Europeo di Oncologia,public,human gut metagenome,SAMEA116143110,FGP-006-WGS_GU58,human gut metagenome,FGP-006-WGS_GU58,